Sample ID,Site,Region,Date,Data Set,Year,Month,Season,Haul,Alewife,American Eel,Atlantic Menhaden,Atlantic Silverside,Atlantic Spadefish,Bay Anchovy,Black Sea Bass,Bluefish,Chain Pipefish,Croaker,Dusky Pipefish,Feather Blenny,Fourspine Stickleback,Florida Pompano,Gag Grouper,Gray Snapper,Harvestfish,Hogchoker,Inland Silverside,Inshore Lizardfish,Kingfish,Lined Seahorse,Mummichog,Naked Goby,Northern Pipefish,Northern Puffer,Northern Searobin,Northern Stargazer,Oyster Toadfish,Pigfish,Pinfish,Rainwater Killifish,Red Drum,Sheepshead Minnow,Silver Perch,Skilletfish,Southern Stingray,Speckled Trout,Spot,Spotfin Butterflyfish,Spotted Hake,Striped Bass,Striped Blenny,Striped Burrfish,Striped Killifish,Summer Flounder,Tautog,Weakfish,Winter Flounder
158,Browns Bay,Mobjack Bay,8/20/09,Pres,2009,August,Summer,1,0,0,0,0,0,8,0,0,0,0,2,0,0,0,0,0,0,0,0,0,0,0,0,0,2,0,0,0,0,1,0,0,0,0,73,2,0,0,0,0,0,0,1,0,0,0,0,0,0
159,Browns Bay,Mobjack Bay,8/20/09,Pres,2009,August,Summer,2,0,0,0,0,0,7,0,0,0,0,2,0,0,0,0,0,0,0,0,0,0,0,0,0,2,0,0,0,0,0,0,0,0,0,15,1,0,0,1,0,0,0,0,0,0,0,0,0,0
160,Browns Bay,Mobjack Bay,8/20/09,Pres,2009,August,Summer,3,0,0,0,1,0,24,0,0,0,0,18,0,0,0,0,0,0,0,0,0,0,0,0,0,3,0,0,0,0,0,0,0,0,0,26,0,0,1,0,0,0,0,0,0,0,2,0,0,0
161,Browns Bay,Mobjack Bay,8/20/09,Pres,2009,August,Summer,4,0,0,0,0,0,28,0,0,0,0,20,0,0,0,0,0,0,0,0,0,0,0,0,0,4,0,0,0,0,0,0,0,0,0,47,0,0,0,0,0,0,0,0,0,0,0,0,0,0
166,Browns Bay,Mobjack Bay,9/11/09,Pres,2009,September,Summer,1,0,0,0,0,0,0,0,0,0,0,3,0,0,0,0,0,0,0,0,0,0,0,0,0,1,0,0,0,0,0,0,0,0,0,6,0,0,0,2,0,0,0,1,1,0,0,0,0,0
167,Browns Bay,Mobjack Bay,9/11/09,Pres,2009,September,Summer,2,0,0,0,0,1,0,0,0,0,0,7,0,0,0,0,0,0,0,0,0,1,0,0,0,1,0,0,0,0,0,0,0,0,0,0,0,0,0,0,0,0,0,1,0,0,0,0,1,0
168,Browns Bay,Mobjack Bay,9/11/09,Pres,2009,September,Summer,3,0,0,0,0,0,0,0,0,0,0,9,1,0,0,0,0,0,0,0,0,0,0,0,0,1,0,0,0,0,0,0,0,0,0,1,0,0,0,0,0,0,0,0,0,0,0,0,0,0
169,Browns Bay,Mobjack Bay,9/11/09,Pres,2009,September,Summer,4,0,0,0,0,0,0,0,0,0,0,0,0,0,0,0,0,0,0,0,0,0,0,0,0,0,0,0,0,0,0,0,0,0,0,0,0,0,0,0,0,0,0,0,0,0,0,0,0,0
170,Browns Bay,Mobjack Bay,9/11/09,Pres,2009,September,Summer,5,0,0,0,0,0,0,0,0,0,0,0,0,0,0,0,0,0,0,0,0,0,0,0,0,0,1,0,0,0,0,0,0,0,0,0,0,0,0,0,0,0,0,0,0,0,0,0,0,0
175,Browns Bay,Mobjack Bay,10/6/09,Pres,2009,October,Fall,1,0,0,0,0,0,44,0,0,0,0,3,0,0,0,0,0,0,0,0,0,1,0,0,1,2,0,0,0,0,0,0,0,0,0,0,0,0,0,0,0,0,0,1,0,0,0,0,0,0
176,Browns Bay,Mobjack Bay,10/6/09,Pres,2009,October,Fall,2,0,0,0,0,0,0,0,0,0,0,5,0,0,0,0,0,0,0,0,0,2,0,0,1,1,0,0,0,0,0,0,0,0,0,1,0,0,0,0,0,0,0,0,0,0,0,0,0,0
177,Browns Bay,Mobjack Bay,10/6/09,Pres,2009,October,Fall,3,0,0,0,0,0,47,0,0,0,0,9,0,0,0,0,0,0,0,0,0,0,0,0,2,0,0,0,0,0,0,0,0,3,0,0,0,0,0,0,0,0,0,0,0,0,0,0,0,0
178,Browns Bay,Mobjack Bay,10/6/09,Pres,2009,October,Fall,4,0,0,0,0,0,31,0,0,0,0,5,0,0,0,0,1,0,0,0,0,0,0,0,0,1,0,0,0,0,0,0,0,5,0,0,0,0,1,0,0,0,0,0,0,0,0,0,0,0
179,Browns Bay,Mobjack Bay,11/9/09,Pres,2009,November,Fall,1,0,0,0,0,0,0,0,0,0,0,3,0,0,0,0,0,0,0,0,0,0,0,0,0,4,0,0,0,0,0,0,0,0,0,0,0,0,0,0,0,0,0,0,0,0,0,0,0,0
180,Browns Bay,Mobjack Bay,11/9/09,Pres,2009,November,Fall,2,0,0,0,0,0,0,0,0,0,0,8,0,0,0,0,0,0,0,0,0,0,0,0,0,2,0,0,0,0,0,0,0,1,0,0,0,0,0,0,0,0,0,0,0,0,0,0,0,0
181,Browns Bay,Mobjack Bay,11/9/09,Pres,2009,November,Fall,3,0,0,0,0,0,0,0,0,0,0,9,0,0,0,0,0,0,0,0,0,0,0,0,0,2,0,0,0,0,0,0,0,0,0,0,1,0,0,0,0,0,0,0,0,0,0,0,0,0
182,Browns Bay,Mobjack Bay,11/9/09,Pres,2009,November,Fall,4,0,0,0,0,0,0,0,0,0,0,4,0,0,0,0,0,0,0,0,0,0,0,0,0,1,0,0,0,0,0,0,0,0,0,0,0,0,0,0,0,0,0,0,0,0,0,0,0,0
187,Browns Bay,Mobjack Bay,4/6/10,Pres,2010,April,Spring,1,0,0,0,0,0,0,0,0,0,0,1,0,0,0,0,0,0,0,0,0,0,0,0,0,0,0,0,0,0,0,0,0,0,0,0,0,0,0,0,0,1,0,0,0,0,0,0,0,0
188,Browns Bay,Mobjack Bay,4/6/10,Pres,2010,April,Spring,2,0,0,0,0,0,0,0,0,0,0,5,0,0,0,0,0,0,0,0,0,0,0,0,0,0,0,0,0,0,0,0,0,0,0,0,0,0,0,1,0,1,0,0,0,0,0,0,0,0
189,Browns Bay,Mobjack Bay,4/6/10,Pres,2010,April,Spring,3,0,0,0,0,0,0,0,0,0,0,3,0,0,0,0,0,0,0,0,0,0,0,0,0,0,0,0,0,0,0,0,0,0,0,0,0,0,0,0,0,4,0,0,0,0,0,0,0,0
190,Browns Bay,Mobjack Bay,4/6/10,Pres,2010,April,Spring,4,0,0,0,0,0,0,0,0,0,0,2,0,0,0,0,0,0,0,0,0,0,0,0,0,0,0,0,0,0,0,0,0,0,0,0,0,0,0,0,0,0,0,0,0,0,0,0,0,0
191,Browns Bay,Mobjack Bay,4/6/10,Pres,2010,April,Spring,5,0,0,0,0,0,0,0,0,0,0,0,0,0,0,0,0,0,0,0,0,0,0,1,0,0,0,0,0,0,0,0,0,0,0,0,0,0,0,0,0,1,0,0,0,0,0,0,0,0
192,Browns Bay,Mobjack Bay,4/6/10,Pres,2010,April,Spring,6,0,0,0,0,0,0,0,0,0,0,4,0,0,0,0,0,0,0,0,0,0,0,0,0,0,0,0,0,0,0,0,0,0,0,0,0,0,0,1,0,6,0,0,0,0,0,0,0,0
199,Browns Bay,Mobjack Bay,5/4/10,Pres,2010,May,Spring,1,0,0,0,0,0,0,0,0,0,0,11,0,0,0,0,0,0,0,0,0,0,0,0,0,1,0,0,0,0,0,0,0,0,0,0,0,0,0,86,0,0,0,0,0,0,0,0,0,0
200,Browns Bay,Mobjack Bay,5/4/10,Pres,2010,May,Spring,2,0,0,0,0,0,0,0,0,0,0,5,0,0,0,0,0,0,0,0,0,0,0,0,0,5,0,0,0,0,0,0,0,0,0,0,0,0,0,84,0,0,0,0,0,0,0,0,0,0
201,Browns Bay,Mobjack Bay,5/4/10,Pres,2010,May,Spring,3,0,0,0,0,0,0,0,0,0,0,5,0,0,0,0,0,0,0,0,0,0,0,0,0,0,0,0,0,0,0,0,0,0,0,0,0,0,0,54,0,0,0,0,0,0,0,0,0,0
202,Browns Bay,Mobjack Bay,5/4/10,Pres,2010,May,Spring,4,0,1,0,0,0,0,0,0,0,0,0,0,0,0,0,0,0,0,0,0,0,0,0,0,0,0,0,0,0,0,0,0,0,0,0,0,0,0,108,0,0,0,0,0,0,0,0,0,0
203,Browns Bay,Mobjack Bay,5/4/10,Pres,2010,May,Spring,5,0,0,0,0,0,0,0,0,0,0,8,0,0,0,0,0,0,0,0,0,0,0,0,0,1,0,0,0,0,0,0,0,0,0,0,0,0,0,65,0,0,0,0,0,0,0,0,0,0
204,Browns Bay,Mobjack Bay,5/4/10,Pres,2010,May,Spring,6,0,0,0,1,0,0,0,0,0,0,2,0,0,0,0,0,0,0,0,0,0,0,0,0,2,0,0,0,0,0,0,0,0,0,0,0,0,0,123,0,0,0,0,0,0,0,0,0,0
222,Browns Bay,Mobjack Bay,5/19/10,Pres,2010,May,Summer,1,0,0,0,0,0,2,0,0,0,0,6,0,0,0,0,0,0,0,0,0,0,1,0,0,2,0,0,0,0,0,0,0,0,0,0,0,0,0,127,0,0,0,0,0,0,0,0,0,0
223,Browns Bay,Mobjack Bay,5/19/10,Pres,2010,May,Summer,2,0,0,0,2,0,2,0,0,2,0,5,0,0,0,0,0,0,0,0,0,0,0,0,0,6,0,0,0,0,0,0,0,0,0,0,0,0,0,152,0,0,0,0,0,0,1,0,0,0
224,Browns Bay,Mobjack Bay,5/19/10,Pres,2010,May,Summer,3,0,0,0,0,0,12,0,0,0,0,1,0,0,0,0,0,0,0,0,0,0,0,0,0,0,0,1,0,0,0,0,0,0,0,0,0,0,0,108,0,0,0,0,0,0,0,0,0,0
225,Browns Bay,Mobjack Bay,5/19/10,Pres,2010,May,Summer,4,0,0,0,0,0,0,0,0,1,0,5,0,0,0,0,0,0,0,0,0,0,0,1,0,2,0,0,0,0,0,0,0,0,0,0,0,0,0,38,0,0,0,0,0,0,0,0,0,0
226,Browns Bay,Mobjack Bay,5/19/10,Pres,2010,May,Summer,5,0,0,0,1,0,0,0,0,1,0,6,0,0,0,0,0,0,0,0,0,0,0,0,1,1,0,0,0,0,0,0,0,0,0,0,0,0,0,58,0,0,0,0,0,0,0,0,0,0
227,Browns Bay,Mobjack Bay,5/19/10,Pres,2010,May,Summer,6,0,0,0,0,0,2,0,0,0,0,1,0,0,0,0,0,0,0,0,0,0,0,0,0,0,0,0,0,0,0,0,0,0,0,0,0,0,0,87,0,0,0,0,0,0,0,0,0,0
234,Browns Bay,Mobjack Bay,6/2/10,Pres,2010,June,Summer,1,0,0,0,4,0,1,0,0,1,0,5,0,0,0,0,0,0,0,0,0,0,0,1,0,3,0,0,0,0,0,0,0,0,0,0,0,0,0,98,0,0,0,0,0,0,0,0,0,0
235,Browns Bay,Mobjack Bay,6/2/10,Pres,2010,June,Summer,2,0,0,0,28,0,0,0,0,1,0,7,0,0,0,0,0,0,0,0,0,0,0,0,0,6,0,0,0,0,0,0,0,0,0,0,0,0,0,62,0,0,0,0,0,0,0,0,0,0
236,Browns Bay,Mobjack Bay,6/2/10,Pres,2010,June,Summer,3,0,0,0,10,0,4,0,0,0,0,3,0,0,0,0,0,0,0,0,0,0,0,0,0,8,0,0,0,0,0,0,0,0,0,0,0,0,0,53,0,0,0,0,0,0,1,0,0,0
237,Browns Bay,Mobjack Bay,6/2/10,Pres,2010,June,Summer,4,0,0,0,3,0,0,0,0,0,0,2,0,0,0,0,0,0,0,0,0,0,0,0,0,12,0,0,0,0,0,0,0,0,0,0,0,0,0,73,0,0,0,0,0,0,0,0,0,0
259,Browns Bay,Mobjack Bay,6/21/10,Pres,2010,June,Summer,1,0,0,0,23,0,1,0,0,0,0,6,0,0,0,0,0,0,0,0,0,0,0,0,0,15,0,0,0,0,0,0,0,0,0,20,0,0,0,4,0,0,0,0,0,0,0,0,0,0
260,Browns Bay,Mobjack Bay,6/21/10,Pres,2010,June,Summer,2,0,0,0,3,0,0,0,0,0,0,7,0,0,0,0,0,0,0,0,0,0,0,0,0,13,0,0,0,0,0,0,2,0,0,6,0,0,0,7,0,0,0,0,0,0,0,0,0,0
261,Browns Bay,Mobjack Bay,6/21/10,Pres,2010,June,Summer,3,0,0,0,1,0,0,0,0,0,0,5,0,0,0,0,0,0,0,0,0,0,0,0,0,6,0,0,0,0,0,0,1,0,0,6,0,0,0,5,0,0,0,0,0,0,0,0,0,0
262,Browns Bay,Mobjack Bay,6/21/10,Pres,2010,June,Summer,4,0,0,0,2,0,0,0,0,0,0,2,0,0,0,0,0,0,0,0,0,0,0,0,0,6,0,0,0,0,0,0,0,0,0,0,0,0,0,11,0,0,0,0,0,0,0,0,0,0
269,Browns Bay,Mobjack Bay,7/6/10,Pres,2010,July,Summer,1,0,0,0,12,0,0,0,0,0,0,8,0,0,0,0,0,0,0,0,0,0,0,0,0,7,0,0,0,0,0,0,0,0,0,8,9,0,0,0,0,0,0,0,0,0,0,0,0,0
270,Browns Bay,Mobjack Bay,7/6/10,Pres,2010,July,Summer,2,0,0,0,2,0,0,0,0,0,0,11,0,0,0,0,0,0,1,0,0,0,0,0,0,6,0,0,0,0,0,0,0,0,0,12,0,0,0,9,0,0,0,1,0,0,0,0,0,0
271,Browns Bay,Mobjack Bay,7/6/10,Pres,2010,July,Summer,3,0,0,0,0,0,0,0,0,0,0,5,0,0,0,0,0,0,0,0,0,0,0,0,0,4,2,0,0,0,0,0,0,0,0,202,0,0,0,4,0,0,0,1,0,0,0,0,0,0
272,Browns Bay,Mobjack Bay,7/6/10,Pres,2010,July,Summer,4,0,0,0,0,0,0,0,0,0,0,8,0,0,0,0,0,0,0,0,0,0,0,0,0,3,1,0,0,0,0,0,0,0,0,259,0,0,1,38,0,0,0,0,0,0,0,0,0,0
277,Browns Bay,Mobjack Bay,7/20/10,Pres,2010,July,Summer,1,0,0,0,0,0,0,0,0,0,0,2,0,0,0,0,0,0,0,0,0,0,0,0,0,2,0,0,0,0,0,0,0,0,0,11,0,0,0,8,0,0,0,0,0,0,0,0,0,0
278,Browns Bay,Mobjack Bay,7/20/10,Pres,2010,July,Summer,2,0,0,0,7,0,0,0,0,0,0,0,0,0,0,0,0,0,0,0,0,0,0,0,0,1,0,0,0,0,0,0,0,0,0,10,0,0,0,1,0,0,0,0,0,0,0,0,0,0
279,Browns Bay,Mobjack Bay,7/20/10,Pres,2010,July,Summer,3,0,0,0,0,0,1,0,0,1,0,4,0,0,0,0,0,0,0,0,0,0,0,0,0,2,0,0,0,0,0,0,0,0,0,4,0,0,0,1,0,0,0,0,0,0,0,0,0,0
280,Browns Bay,Mobjack Bay,7/20/10,Pres,2010,July,Summer,4,0,0,0,0,0,0,0,0,0,0,3,0,0,0,0,0,0,0,0,0,0,0,0,0,0,0,0,0,0,0,0,0,0,0,2,0,0,0,1,0,0,0,0,0,0,0,0,0,0
291,Browns Bay,Mobjack Bay,8/10/10,Pres,2010,August,Summer,1,0,0,0,0,0,0,0,0,0,0,0,0,0,0,0,0,0,0,0,0,0,0,0,0,0,0,0,0,0,0,0,0,0,0,6,0,0,0,0,0,0,0,0,0,0,0,0,0,0
292,Browns Bay,Mobjack Bay,8/10/10,Pres,2010,August,Summer,2,0,0,0,0,0,3,0,0,0,0,3,0,0,0,0,0,0,0,0,0,0,0,0,0,1,0,0,0,0,0,0,0,0,0,69,0,0,1,0,0,0,0,0,1,0,0,0,0,0
293,Browns Bay,Mobjack Bay,8/10/10,Pres,2010,August,Summer,3,0,0,0,0,1,23,0,0,0,0,0,0,0,0,0,0,0,0,0,0,0,0,0,0,0,0,0,0,0,0,0,0,0,0,10,0,0,0,10,0,0,0,0,0,0,0,0,0,0
294,Browns Bay,Mobjack Bay,8/10/10,Pres,2010,August,Summer,4,0,0,0,0,0,2,0,0,0,0,3,0,0,0,0,0,0,0,0,0,1,0,0,0,5,0,0,0,0,0,0,0,0,0,19,0,0,0,19,0,0,0,0,2,0,0,0,0,0
295,Browns Bay,Mobjack Bay,8/10/10,Pres,2010,August,Summer,5,0,0,0,0,0,0,0,0,0,0,2,0,0,0,0,0,0,0,0,0,0,0,0,0,1,0,0,0,0,0,0,0,0,0,17,0,1,0,1,0,0,0,1,0,0,0,0,0,0
296,Browns Bay,Mobjack Bay,8/10/10,Pres,2010,August,Summer,6,0,0,0,0,0,0,0,0,0,0,2,0,0,0,0,0,0,0,0,0,0,0,0,0,4,0,0,0,0,0,0,0,0,0,52,0,0,0,2,0,0,0,0,1,0,0,0,0,0
303,Browns Bay,Mobjack Bay,8/16/10,Pres,2010,August,Summer,1,0,0,0,0,0,3,0,0,0,0,0,0,0,0,0,0,0,1,0,0,0,0,0,0,0,0,0,0,0,0,0,0,0,0,0,0,0,0,0,0,0,0,0,0,0,1,0,0,0
304,Browns Bay,Mobjack Bay,8/16/10,Pres,2010,August,Summer,2,0,0,0,0,1,0,0,0,0,0,1,0,0,0,0,0,0,0,0,0,0,0,0,0,1,3,0,0,0,0,0,0,0,0,20,0,0,0,7,0,0,0,0,0,0,0,0,0,0
305,Browns Bay,Mobjack Bay,8/16/10,Pres,2010,August,Summer,3,0,0,0,0,0,5,0,0,0,0,1,0,0,0,0,0,0,0,0,0,0,0,0,0,0,0,0,0,0,0,0,0,0,0,10,0,0,0,13,0,0,0,0,0,0,0,0,0,0
306,Browns Bay,Mobjack Bay,8/16/10,Pres,2010,August,Summer,4,0,0,0,0,0,17,0,0,0,0,3,0,0,0,0,0,0,0,0,0,0,0,0,1,0,5,0,0,0,0,0,0,0,0,66,0,0,0,26,0,0,0,0,0,0,0,0,0,0
307,Browns Bay,Mobjack Bay,8/16/10,Pres,2010,August,Summer,5,0,0,0,0,0,9,0,0,0,0,0,0,0,0,0,0,0,0,0,0,0,0,0,0,1,1,0,0,0,0,0,0,0,0,42,0,0,0,20,0,0,0,0,0,0,0,0,0,0
308,Browns Bay,Mobjack Bay,8/16/10,Pres,2010,August,Summer,6,0,0,0,0,1,47,0,0,0,0,0,0,0,0,0,0,0,0,0,0,0,0,0,0,0,1,0,0,0,0,0,0,0,0,20,0,0,0,13,0,0,0,0,0,0,0,0,0,0
326,Browns Bay,Mobjack Bay,8/25/10,Pres,2010,August,Summer,1,0,0,0,0,5,3,0,0,0,0,0,0,0,0,0,0,0,3,0,0,0,0,0,2,1,1,0,0,0,0,0,0,0,0,19,0,0,0,39,0,0,0,0,0,0,0,0,1,0
327,Browns Bay,Mobjack Bay,8/25/10,Pres,2010,August,Summer,2,0,0,0,0,1,10,0,0,0,0,1,0,0,0,0,0,0,1,0,0,10,0,0,0,1,2,0,0,1,0,0,0,0,0,7,0,0,0,26,0,0,0,1,0,0,1,0,0,0
328,Browns Bay,Mobjack Bay,8/25/10,Pres,2010,August,Summer,3,0,0,0,0,2,7,0,0,0,1,0,0,0,0,0,0,0,2,0,0,3,0,0,0,0,0,0,0,0,0,0,0,0,0,9,0,0,0,23,0,0,0,0,0,0,1,0,0,0
329,Browns Bay,Mobjack Bay,8/25/10,Pres,2010,August,Summer,4,0,0,0,0,3,9,0,0,0,0,2,0,0,0,0,0,0,0,0,0,2,0,0,0,1,2,0,0,0,0,0,0,0,0,8,1,0,0,25,0,0,0,0,0,0,0,0,0,0
330,Browns Bay,Mobjack Bay,8/25/10,Pres,2010,August,Summer,5,0,0,0,0,0,0,0,0,0,1,0,0,0,0,0,0,0,1,0,0,2,0,0,0,0,1,0,0,0,0,0,0,0,0,3,0,0,0,15,0,0,0,0,0,0,1,0,0,0
331,Browns Bay,Mobjack Bay,8/25/10,Pres,2010,August,Summer,6,0,0,0,0,5,1,0,0,0,0,0,1,0,0,0,0,0,5,0,0,1,0,0,1,0,2,0,0,0,1,0,0,0,0,6,0,0,0,15,0,0,0,0,0,0,0,0,0,0
338,Browns Bay,Mobjack Bay,9/20/10,Pres,2010,September,Fall,1,0,0,0,0,1,10,0,0,0,0,0,0,0,0,0,0,0,0,0,0,1,0,0,0,1,1,0,0,0,0,0,0,1,0,1,0,0,0,13,0,0,0,3,0,0,0,0,0,0
339,Browns Bay,Mobjack Bay,9/20/10,Pres,2010,September,Fall,2,0,0,0,0,1,8,0,0,0,0,0,0,0,0,0,0,0,0,0,0,1,0,0,0,0,0,0,0,0,0,0,0,0,0,0,0,0,0,2,0,0,0,0,0,0,0,0,0,0
340,Browns Bay,Mobjack Bay,9/20/10,Pres,2010,September,Fall,3,0,0,0,0,0,10,0,0,0,0,0,0,0,0,0,0,0,1,0,0,1,0,0,0,0,0,0,0,0,0,0,0,0,0,0,0,0,0,2,0,0,0,0,0,0,1,0,0,0
341,Browns Bay,Mobjack Bay,9/20/10,Pres,2010,September,Fall,4,0,0,0,0,1,5,0,0,0,0,0,0,0,0,0,0,0,1,0,0,1,0,0,0,1,0,0,0,0,0,0,0,0,0,0,0,0,0,11,0,0,0,0,0,0,0,0,0,0
342,Browns Bay,Mobjack Bay,9/20/10,Pres,2010,September,Fall,5,0,0,0,0,0,11,0,0,0,0,1,0,0,0,0,0,0,0,0,0,2,0,0,0,0,2,0,0,0,0,0,0,1,0,3,0,0,1,6,0,0,0,0,0,0,0,0,0,0
357,Browns Bay,Mobjack Bay,10/6/10,Pres,2010,October,Fall,1,0,0,0,0,0,0,0,0,0,0,0,0,0,0,0,0,0,0,0,0,1,0,0,0,0,0,0,0,0,0,0,0,0,0,0,0,0,0,2,0,0,0,0,0,0,1,0,0,0
358,Browns Bay,Mobjack Bay,10/6/10,Pres,2010,October,Fall,2,0,0,0,0,0,2,0,0,0,0,0,0,0,0,0,0,0,0,0,0,0,0,0,0,0,0,0,0,0,0,0,0,0,0,0,0,0,0,9,0,0,0,0,0,0,0,0,0,0
359,Browns Bay,Mobjack Bay,10/6/10,Pres,2010,October,Fall,3,0,0,0,0,0,6,0,0,0,0,0,0,0,0,0,0,0,0,0,0,0,0,0,0,2,0,0,0,0,0,0,0,0,0,2,0,0,0,3,0,0,0,0,0,0,0,0,0,0
360,Browns Bay,Mobjack Bay,10/6/10,Pres,2010,October,Fall,4,0,0,0,0,0,5,0,0,0,0,1,1,0,0,0,0,0,0,0,0,0,0,0,0,2,0,0,0,0,0,0,0,0,0,2,0,0,0,0,0,0,0,0,0,0,0,0,0,0
361,Browns Bay,Mobjack Bay,10/6/10,Pres,2010,October,Fall,5,0,0,0,0,0,0,0,0,0,0,0,0,0,0,0,0,0,0,0,0,0,0,0,0,0,0,0,1,0,0,0,0,0,0,0,0,0,0,14,0,0,0,0,0,0,0,0,0,0
366,Browns Bay,Mobjack Bay,10/28/10,Pres,2010,October,Fall,1,0,0,0,0,0,1,0,0,0,0,0,0,0,0,0,0,0,0,0,0,0,0,0,0,2,0,0,0,0,0,0,0,0,0,1,0,0,1,0,0,0,0,0,0,0,0,0,0,0
367,Browns Bay,Mobjack Bay,10/28/10,Pres,2010,October,Fall,2,0,0,0,7,0,2,0,0,0,0,0,0,0,0,0,0,0,0,0,0,0,0,0,1,0,0,0,0,0,0,0,0,0,0,0,0,0,0,0,0,0,0,0,0,0,0,0,0,0
368,Browns Bay,Mobjack Bay,10/28/10,Pres,2010,October,Fall,3,0,0,0,3,0,27,0,0,0,0,1,0,0,0,0,0,0,0,0,0,0,0,0,1,3,0,0,0,0,0,0,0,0,0,0,0,0,0,0,0,0,0,0,0,0,0,0,0,0
369,Browns Bay,Mobjack Bay,10/28/10,Pres,2010,October,Fall,4,0,0,0,2,0,1,0,0,0,2,1,0,0,0,0,0,0,0,0,0,0,0,0,0,0,0,0,0,0,0,0,0,0,0,3,0,0,0,0,0,0,0,0,0,0,0,0,0,0
382,Browns Bay,Mobjack Bay,3/17/11,Pres,2011,March,Spring,1,0,0,0,0,0,0,0,0,0,0,0,0,0,0,0,0,0,0,0,0,0,0,0,0,0,0,0,0,0,0,0,0,0,0,0,0,0,0,0,0,1,0,0,0,0,0,0,0,0
383,Browns Bay,Mobjack Bay,3/17/11,Pres,2011,March,Spring,2,0,0,0,0,0,0,0,0,0,0,0,0,0,0,0,0,0,0,0,0,0,0,0,0,0,0,0,0,0,0,0,0,0,0,0,0,0,0,0,0,0,0,0,0,0,0,0,0,0
384,Browns Bay,Mobjack Bay,3/17/11,Pres,2011,March,Spring,3,0,0,0,0,0,0,0,0,0,0,0,0,0,0,0,0,0,0,0,0,0,0,0,0,0,0,0,0,0,0,0,0,0,0,0,0,0,0,0,0,0,0,0,0,0,0,0,0,0
385,Browns Bay,Mobjack Bay,3/17/11,Pres,2011,March,Spring,4,0,0,0,0,0,0,0,0,0,0,0,0,0,0,0,0,0,0,0,0,0,0,0,0,0,0,0,0,0,0,0,0,0,0,0,0,0,0,0,0,0,0,0,0,0,0,0,0,0
394,Browns Bay,Mobjack Bay,6/7/11,Pres,2011,June,Summer,1,0,0,0,23,0,1,0,0,0,0,0,0,0,0,0,0,0,0,0,0,0,0,0,0,0,0,0,0,0,0,0,0,0,0,1,0,0,0,8,0,0,1,0,0,0,0,0,0,0
395,Browns Bay,Mobjack Bay,6/7/11,Pres,2011,June,Summer,2,0,0,0,1,0,0,0,0,0,0,0,0,0,0,0,0,0,0,0,0,0,0,0,0,1,0,0,0,0,0,0,0,0,0,8,0,0,0,11,0,0,3,0,0,0,0,0,0,0
396,Browns Bay,Mobjack Bay,6/7/11,Pres,2011,June,Summer,3,0,0,0,6,0,0,0,0,0,0,0,0,0,0,0,0,0,0,0,0,1,0,0,0,6,0,0,0,0,0,0,0,0,0,6,0,0,0,7,0,0,0,1,0,0,0,0,0,0
397,Browns Bay,Mobjack Bay,6/7/11,Pres,2011,June,Summer,4,0,0,0,9,0,0,1,0,0,0,0,0,0,0,0,0,0,0,0,0,0,0,0,0,3,1,0,0,0,0,0,0,0,0,2,0,0,0,17,0,0,1,0,0,0,0,0,0,0
410,Browns Bay,Mobjack Bay,7/7/11,Pres,2011,July,Summer,1,0,0,0,0,0,0,0,0,0,0,0,0,0,0,0,0,0,0,0,0,1,0,0,0,0,0,0,0,0,0,0,0,0,0,0,0,0,0,0,0,0,0,0,0,0,1,0,0,0
411,Browns Bay,Mobjack Bay,7/7/11,Pres,2011,July,Summer,2,0,0,0,0,0,0,0,0,0,0,0,0,0,0,0,0,0,0,0,0,3,0,0,0,0,0,0,0,0,0,0,0,0,0,0,0,0,0,0,0,0,0,0,0,0,1,0,0,0
412,Browns Bay,Mobjack Bay,7/7/11,Pres,2011,July,Summer,3,0,0,0,14,0,0,1,0,0,0,3,0,0,0,0,0,0,0,0,0,2,0,0,0,12,1,0,0,0,0,0,1,0,0,58,0,0,4,5,0,0,0,0,0,0,0,0,0,0
413,Browns Bay,Mobjack Bay,7/7/11,Pres,2011,July,Summer,4,0,0,0,0,0,0,0,0,0,0,0,0,0,0,0,0,0,0,0,0,0,0,0,0,1,0,0,0,0,0,0,0,0,0,2,0,0,0,8,0,0,0,0,0,0,0,0,0,0
414,Browns Bay,Mobjack Bay,7/7/11,Pres,2011,July,Summer,5,0,0,0,0,0,1,1,0,0,0,0,0,0,0,0,0,0,0,0,0,0,0,0,0,0,0,0,0,0,0,0,0,0,0,0,0,0,2,1,0,0,1,0,0,0,0,0,0,0
11,Browns Bay H,Mobjack Bay,9/27/76,Hist,1976,September,Fall,1,0,0,0,0,0,1,0,0,0,0,6,6,0,0,0,0,0,0,0,0,0,0,0,1,26,0,0,0,0,0,0,0,0,0,24,0,0,0,79,0,0,0,1,0,0,1,1,0,0
12,Browns Bay H,Mobjack Bay,9/27/76,Hist,1976,September,Fall,2,0,0,0,0,0,7,0,0,0,0,4,14,0,0,0,0,0,0,0,1,0,0,0,1,40,1,0,0,1,0,0,0,0,0,10,0,0,0,50,0,0,0,6,0,0,0,0,0,1
13,Browns Bay H,Mobjack Bay,9/27/76,Hist,1976,September,Fall,3,0,0,0,0,0,0,0,0,0,0,0,0,0,0,0,0,0,0,0,0,0,0,0,0,3,0,0,0,0,0,0,0,0,0,0,0,0,0,56,0,0,0,0,0,0,0,0,0,0
14,Browns Bay H,Mobjack Bay,9/27/76,Hist,1976,September,Fall,4,0,0,0,5,0,0,1,0,0,0,0,1,0,0,0,0,0,0,0,0,0,0,0,0,16,0,0,0,1,0,0,0,0,0,4,0,0,0,72,0,0,0,0,1,0,0,0,0,1
15,Browns Bay H,Mobjack Bay,9/27/76,Hist,1976,September,Fall,5,0,1,0,0,0,0,0,0,0,0,2,1,0,0,0,0,0,0,0,1,0,0,0,1,40,0,0,0,1,0,0,0,0,0,27,0,0,0,19,0,0,0,4,0,0,0,2,0,0
16,Browns Bay H,Mobjack Bay,9/27/76,Hist,1976,September,Fall,6,0,1,0,0,0,0,1,0,0,0,0,8,0,0,0,0,0,0,0,0,0,0,0,1,64,0,0,0,1,0,0,0,0,0,22,1,0,1,71,0,0,0,0,0,0,0,0,0,0
17,Browns Bay H,Mobjack Bay,9/27/76,Hist,1976,September,Fall,7,0,0,0,0,0,0,1,0,0,0,1,1,0,0,0,0,0,0,0,0,0,0,0,0,9,0,0,0,0,0,0,0,0,0,0,0,0,0,27,0,0,0,0,0,0,0,0,0,0
18,Browns Bay H,Mobjack Bay,9/27/76,Hist,1976,September,Fall,8,0,0,0,0,0,11,0,0,0,0,5,0,0,0,0,0,0,0,0,0,0,0,0,0,17,0,0,0,0,0,0,0,0,0,27,0,0,0,26,0,0,0,0,1,0,0,0,0,0
19,Browns Bay H,Mobjack Bay,9/27/76,Hist,1976,September,Fall,9,0,0,0,0,0,0,1,0,0,0,0,0,0,0,0,0,0,0,0,0,0,0,0,0,5,1,0,0,0,0,0,0,0,0,31,0,0,0,26,0,0,0,0,0,0,0,1,0,2
20,Browns Bay H,Mobjack Bay,9/27/76,Hist,1976,September,Fall,10,0,0,0,0,0,0,2,0,0,0,1,0,0,0,0,0,0,0,0,0,0,0,0,0,9,0,0,0,0,0,0,0,0,0,16,0,0,0,45,0,0,0,2,0,0,0,0,0,0
31,Browns Bay H,Mobjack Bay,10/27/76,Hist,1976,October,Fall,1,0,0,0,2,0,9,0,0,0,0,0,0,0,0,0,0,0,0,0,0,0,0,0,0,2,0,0,0,0,0,0,0,0,0,0,0,0,0,0,0,0,0,0,0,0,0,0,0,0
32,Browns Bay H,Mobjack Bay,10/27/76,Hist,1976,October,Fall,2,0,0,0,16,0,7,0,0,0,0,2,0,0,0,0,0,0,0,0,0,0,0,0,0,31,0,0,0,1,0,0,0,0,0,0,0,0,0,0,0,0,0,2,0,0,0,0,0,0
33,Browns Bay H,Mobjack Bay,10/27/76,Hist,1976,October,Fall,3,0,0,0,87,0,3,0,0,0,0,4,1,0,0,0,0,0,0,0,0,0,0,0,3,70,0,0,0,1,0,0,0,0,0,2,0,0,0,0,0,0,0,2,0,0,0,0,0,0
34,Browns Bay H,Mobjack Bay,10/27/76,Hist,1976,October,Fall,4,0,0,0,0,0,15,0,0,0,0,3,6,0,0,0,0,0,0,0,0,0,0,0,0,15,0,0,0,0,0,0,0,0,0,0,0,0,0,0,0,0,0,2,0,0,0,0,0,0
35,Browns Bay H,Mobjack Bay,10/27/76,Hist,1976,October,Fall,5,0,0,0,2,0,27,0,0,0,0,3,0,0,0,0,0,0,0,0,0,0,1,0,1,52,0,0,0,0,0,0,0,0,0,1,1,0,1,1,0,0,0,3,0,0,0,0,0,2
36,Browns Bay H,Mobjack Bay,10/27/76,Hist,1976,October,Fall,6,0,0,0,5,0,11,0,0,0,0,2,0,0,0,0,0,0,0,0,0,0,0,0,0,9,0,0,0,0,0,0,0,0,0,0,1,0,0,0,0,0,0,0,0,0,0,0,0,0
37,Browns Bay H,Mobjack Bay,10/27/76,Hist,1976,October,Fall,7,0,0,0,0,0,22,0,0,0,0,17,0,0,0,0,0,0,0,0,0,0,0,0,4,62,0,0,0,1,0,0,0,0,0,2,0,0,0,0,0,0,0,0,0,0,0,0,0,0
38,Browns Bay H,Mobjack Bay,10/27/76,Hist,1976,October,Fall,8,0,0,0,1,0,1,0,0,0,6,29,0,0,0,0,0,0,0,0,0,0,0,0,0,146,0,0,0,2,0,0,0,0,0,16,0,0,0,2,0,0,0,2,0,0,0,2,0,0
39,Browns Bay H,Mobjack Bay,10/27/76,Hist,1976,October,Fall,9,0,0,0,1,0,53,0,0,0,0,3,0,0,0,0,0,0,0,0,0,0,0,0,0,14,0,0,0,0,0,0,0,0,0,0,0,0,0,0,0,0,0,0,0,0,0,0,0,0
40,Browns Bay H,Mobjack Bay,10/27/76,Hist,1976,October,Fall,10,0,0,0,2,0,29,0,0,0,0,1,0,0,0,0,0,0,0,0,0,0,0,0,0,1,0,0,0,0,0,0,0,0,0,0,0,0,0,0,0,0,0,0,0,0,0,0,0,1
47,Browns Bay H,Mobjack Bay,12/6/76,Hist,1976,December,Winter,1,0,0,0,3,0,0,0,0,0,0,1,0,0,0,0,0,0,0,0,0,0,0,4,0,0,0,0,0,0,0,0,0,0,0,0,0,0,0,0,0,0,0,0,0,0,0,0,0,0
48,Browns Bay H,Mobjack Bay,12/6/76,Hist,1976,December,Winter,2,0,0,0,4,0,0,0,0,0,0,1,0,0,0,0,0,0,0,0,0,0,0,12,0,1,0,0,0,0,0,0,0,6,7,0,0,0,0,0,0,0,0,0,0,0,0,0,0,0
49,Browns Bay H,Mobjack Bay,12/6/76,Hist,1976,December,Winter,3,0,0,0,1,0,0,0,0,0,0,1,0,0,0,0,0,0,0,0,0,0,0,0,0,0,0,0,0,0,0,0,0,0,37,0,0,0,0,0,0,0,0,0,0,1,0,0,0,0
50,Browns Bay H,Mobjack Bay,12/6/76,Hist,1976,December,Winter,4,0,0,0,1,0,0,0,0,0,0,0,0,0,0,0,0,0,0,0,0,0,0,0,0,0,0,0,0,0,0,0,5,1,0,0,0,0,0,0,0,0,0,0,0,0,0,0,0,0
51,Browns Bay H,Mobjack Bay,12/6/76,Hist,1976,December,Winter,5,0,0,0,1,0,0,0,0,0,0,1,0,0,0,0,0,0,0,0,0,0,0,0,0,0,0,0,0,0,0,0,3,1,0,0,0,0,0,0,0,0,0,0,0,0,0,0,0,0
52,Browns Bay H,Mobjack Bay,12/6/76,Hist,1976,December,Winter,6,0,0,0,0,0,0,0,0,0,0,0,0,0,0,0,0,0,0,0,0,0,0,0,0,0,0,0,0,0,0,0,0,0,0,0,0,0,0,0,0,0,0,0,0,0,0,0,0,0
59,Browns Bay H,Mobjack Bay,2/17/77,Hist,1977,February,Winter,1,0,0,0,0,0,0,0,0,0,0,0,0,0,0,0,0,0,0,0,0,0,0,0,0,0,0,0,0,0,0,0,0,0,0,0,0,0,0,0,0,0,0,0,0,0,0,0,0,0
60,Browns Bay H,Mobjack Bay,2/17/77,Hist,1977,February,Winter,2,0,0,0,0,0,0,0,0,0,0,0,0,0,0,0,0,0,0,0,0,0,0,0,1,0,0,0,0,0,0,0,0,0,0,0,0,0,0,0,0,0,0,0,0,0,0,0,0,0
61,Browns Bay H,Mobjack Bay,2/17/77,Hist,1977,February,Winter,3,0,0,0,0,0,0,0,0,0,0,0,0,0,0,0,0,0,0,0,0,0,0,0,0,0,0,0,0,0,0,0,0,0,0,0,0,0,0,0,0,0,0,0,0,0,0,0,0,0
62,Browns Bay H,Mobjack Bay,2/17/77,Hist,1977,February,Winter,4,0,0,0,0,0,0,0,0,0,0,0,0,0,0,0,0,0,0,0,0,0,0,0,1,0,0,0,0,0,0,0,0,0,0,0,0,0,0,0,0,0,0,0,0,0,0,0,0,0
63,Browns Bay H,Mobjack Bay,2/17/77,Hist,1977,February,Winter,5,0,0,0,0,0,0,0,0,0,0,0,0,0,0,0,0,0,0,0,0,0,0,0,0,0,0,0,0,0,0,0,0,0,0,0,0,0,0,0,0,0,0,0,0,0,0,0,0,0
64,Browns Bay H,Mobjack Bay,2/17/77,Hist,1977,February,Winter,6,0,0,0,0,0,0,0,0,0,0,0,0,0,0,0,0,0,0,0,0,0,0,0,0,0,0,0,0,0,0,0,0,0,0,0,0,0,0,0,0,0,0,0,0,0,0,0,0,0
71,Browns Bay H,Mobjack Bay,4/22/77,Hist,1977,April,Spring,1,0,0,0,0,0,0,0,0,0,0,0,0,0,0,0,0,0,0,0,0,0,0,0,0,0,0,0,0,0,0,0,0,0,0,0,0,0,0,98,0,0,0,0,0,0,0,0,0,0
72,Browns Bay H,Mobjack Bay,4/22/77,Hist,1977,April,Spring,2,0,0,0,0,0,2,0,0,0,0,0,0,0,0,0,0,0,0,0,0,0,0,0,0,3,0,0,0,0,0,0,0,0,0,0,0,0,0,540,0,5,0,0,0,0,0,0,0,0
73,Browns Bay H,Mobjack Bay,4/22/77,Hist,1977,April,Spring,3,0,0,0,0,0,0,0,0,0,0,0,0,0,0,0,0,0,0,0,0,0,1,0,0,16,0,0,0,0,0,0,0,0,0,0,0,0,0,616,0,2,0,0,0,0,0,0,0,0
74,Browns Bay H,Mobjack Bay,4/22/77,Hist,1977,April,Spring,4,0,0,0,0,0,0,0,0,0,0,0,0,0,0,0,0,0,0,0,0,0,0,12,0,10,0,0,0,0,0,0,0,0,0,0,0,0,0,34,0,0,0,0,0,0,0,0,0,0
75,Browns Bay H,Mobjack Bay,4/22/77,Hist,1977,April,Spring,5,0,0,0,0,0,0,0,0,0,0,0,0,0,0,0,0,0,0,0,0,0,0,0,0,5,0,0,0,0,0,0,0,0,0,0,0,0,0,9,0,0,0,0,0,0,0,0,0,0
76,Browns Bay H,Mobjack Bay,4/22/77,Hist,1977,April,Spring,6,0,0,0,0,0,0,0,0,0,0,0,0,0,0,0,0,0,0,0,0,0,0,0,1,24,0,0,0,0,0,0,0,0,0,0,0,0,0,149,0,0,0,0,0,0,1,0,0,0
82,Browns Bay H,Mobjack Bay,6/1/77,Hist,1977,June,Summer,1,0,3,0,19,0,2,0,0,0,0,0,0,0,0,0,0,0,0,1,0,0,0,0,0,1,0,0,0,1,0,3,2,0,0,0,0,0,0,187,0,0,0,0,0,0,4,1,0,2
83,Browns Bay H,Mobjack Bay,6/1/77,Hist,1977,June,Summer,2,0,1,0,15,0,1,0,0,0,0,0,0,2,0,0,0,0,0,4,0,0,0,0,1,6,0,0,0,0,0,5,0,0,0,0,0,0,0,110,0,0,0,0,0,0,4,0,0,0
84,Browns Bay H,Mobjack Bay,6/1/77,Hist,1977,June,Summer,3,0,1,0,0,0,1,0,0,0,0,0,0,0,0,0,0,0,0,0,0,0,1,0,0,14,0,0,0,0,0,0,0,0,0,0,0,0,0,261,0,0,0,0,0,0,1,0,0,6
85,Browns Bay H,Mobjack Bay,6/1/77,Hist,1977,June,Summer,4,0,0,0,0,0,1,1,0,0,0,0,0,0,0,0,0,0,0,0,0,0,0,0,0,3,0,0,0,0,0,0,0,0,0,0,0,0,0,38,0,0,0,0,0,0,0,0,0,0
86,Browns Bay H,Mobjack Bay,6/1/77,Hist,1977,June,Summer,5,0,0,0,0,0,1,3,0,0,0,0,0,0,0,0,0,0,0,1,0,0,0,0,0,8,0,0,0,0,0,0,0,0,0,0,0,0,0,228,0,0,0,0,0,0,2,0,0,0
90,Browns Bay H,Mobjack Bay,7/21/77,Hist,1977,July,Summer,1,0,2,0,39,0,0,0,1,0,0,0,0,0,0,0,0,0,0,0,1,0,0,31,0,45,0,0,0,1,0,4,0,0,0,1,0,0,1,96,0,0,0,0,0,0,1,0,0,0
91,Browns Bay H,Mobjack Bay,7/21/77,Hist,1977,July,Summer,2,0,0,0,17,0,0,0,0,0,0,0,0,1,0,0,0,0,0,0,0,0,0,9,0,10,0,0,0,0,0,0,0,0,0,0,0,0,0,59,0,0,0,0,0,0,0,0,0,0
92,Browns Bay H,Mobjack Bay,7/21/77,Hist,1977,July,Summer,3,0,0,0,3,0,0,0,2,0,0,0,0,1,0,0,0,0,0,0,0,0,0,4,0,8,0,0,0,3,1,3,0,0,0,2,1,0,2,27,0,0,0,0,0,0,0,0,0,0
93,Browns Bay H,Mobjack Bay,7/21/77,Hist,1977,July,Summer,4,0,2,0,9,0,1,3,0,0,0,0,0,0,0,0,0,0,0,0,0,0,0,20,0,118,0,0,0,0,3,2,0,0,0,1,0,0,0,194,0,0,0,0,0,0,2,0,0,0
94,Browns Bay H,Mobjack Bay,7/21/77,Hist,1977,July,Summer,5,2,0,0,7,0,0,0,0,0,0,0,0,0,0,0,0,0,0,0,0,0,0,11,0,26,0,0,0,0,2,3,0,0,0,0,0,0,0,106,0,0,0,2,0,0,0,1,0,0
95,Browns Bay H,Mobjack Bay,7/21/77,Hist,1977,July,Summer,6,0,2,0,4,0,0,0,0,0,0,0,0,2,0,1,0,0,0,0,0,0,0,10,0,39,0,0,0,0,0,0,3,0,0,1,0,0,0,79,0,0,0,0,0,0,1,1,0,0
102,Browns Bay H,Mobjack Bay,9/1/77,Hist,1977,August,Summer,1,0,0,0,0,0,0,0,0,0,0,0,0,0,0,1,0,0,0,0,0,0,0,0,0,1,0,0,0,0,0,2,0,0,0,8,0,0,0,17,0,0,0,0,0,0,0,0,0,0
103,Browns Bay H,Mobjack Bay,9/1/77,Hist,1977,August,Summer,2,0,0,0,0,0,122,0,0,0,0,0,0,0,0,0,0,0,0,0,0,0,0,0,0,2,0,0,0,1,0,0,0,0,0,2,0,0,0,20,0,0,0,0,0,0,1,0,0,0
104,Browns Bay H,Mobjack Bay,9/1/77,Hist,1977,August,Summer,3,0,2,0,0,0,16,0,0,0,0,0,0,1,0,0,0,0,0,0,0,0,0,0,0,4,0,0,0,0,0,0,0,0,0,0,2,0,0,13,0,0,0,0,0,0,0,0,0,0
105,Browns Bay H,Mobjack Bay,9/1/77,Hist,1977,August,Summer,4,0,0,0,0,0,0,0,0,0,0,2,0,0,0,0,0,0,0,0,0,0,0,0,0,3,0,0,0,0,0,1,0,0,0,23,0,0,1,60,0,0,0,0,0,0,0,2,0,0
106,Browns Bay H,Mobjack Bay,9/1/77,Hist,1977,August,Summer,5,0,0,0,0,0,0,1,0,0,0,1,0,0,0,0,0,0,0,0,1,0,0,0,0,6,0,0,0,0,0,4,0,0,0,25,0,0,2,30,0,0,0,2,0,0,1,3,0,0
107,Browns Bay H,Mobjack Bay,9/1/77,Hist,1977,August,Summer,6,0,0,0,0,0,6,1,0,0,0,0,0,0,0,0,0,0,0,0,0,0,0,0,0,3,0,0,0,0,1,8,0,0,0,27,0,0,0,63,0,0,0,1,0,0,0,1,0,0
114,Browns Bay H,Mobjack Bay,9/27/77,Hist,1977,September,Fall,1,0,0,0,0,0,25,0,0,0,0,0,0,0,0,0,0,0,0,0,0,0,0,0,0,1,0,0,0,0,0,0,0,0,0,6,0,0,0,4,0,0,0,0,0,0,0,1,0,0
115,Browns Bay H,Mobjack Bay,9/27/77,Hist,1977,September,Fall,2,0,0,0,0,0,23,0,0,0,0,0,0,0,0,0,0,0,0,0,0,0,0,0,0,1,0,0,0,0,0,1,0,0,0,12,0,0,0,6,0,0,0,1,0,0,1,0,0,0
116,Browns Bay H,Mobjack Bay,9/27/77,Hist,1977,September,Fall,3,0,0,0,0,0,20,0,0,0,0,0,0,0,0,0,0,0,0,0,0,0,0,0,0,0,0,0,0,0,0,1,0,0,0,1,0,0,0,7,0,0,0,0,0,0,0,0,0,0
117,Browns Bay H,Mobjack Bay,9/27/77,Hist,1977,September,Fall,4,0,0,0,0,0,37,0,0,0,0,0,0,0,0,0,0,0,0,0,0,0,0,0,0,0,0,0,0,0,0,1,0,0,0,0,0,0,0,31,0,0,0,0,0,0,0,0,0,0
118,Browns Bay H,Mobjack Bay,9/27/77,Hist,1977,September,Fall,5,0,0,0,0,0,1,0,0,0,0,0,0,0,0,0,0,0,0,0,0,0,0,0,0,1,0,0,0,0,0,0,0,0,0,8,0,0,0,23,0,0,0,1,0,0,0,0,0,0
119,Browns Bay H,Mobjack Bay,9/27/77,Hist,1977,September,Fall,6,0,0,0,0,0,93,0,0,0,0,0,1,0,0,0,0,0,0,0,0,0,0,0,0,6,0,0,0,0,0,6,0,0,0,94,0,0,1,87,0,0,0,0,0,0,0,3,0,0
126,Browns Bay H,Mobjack Bay,10/27/77,Hist,1977,October,Fall,1,0,0,0,0,0,4,0,0,0,1,0,0,0,0,0,0,0,0,0,0,0,0,0,0,1,0,0,0,0,0,0,0,0,0,0,0,0,0,0,0,0,0,0,0,0,0,0,0,0
127,Browns Bay H,Mobjack Bay,10/27/77,Hist,1977,October,Fall,2,0,0,0,0,0,3,0,0,0,0,0,11,0,0,0,0,0,0,23,0,0,0,0,0,0,0,0,0,0,0,0,0,0,0,0,0,0,0,0,0,0,0,0,0,0,0,0,0,0
128,Browns Bay H,Mobjack Bay,10/27/77,Hist,1977,October,Fall,3,0,0,0,0,0,2,0,0,0,0,1,0,0,0,0,0,0,0,5,0,0,0,0,0,1,0,0,0,0,0,0,0,0,0,0,0,0,0,0,0,0,0,0,0,0,0,0,0,0
129,Browns Bay H,Mobjack Bay,10/27/77,Hist,1977,October,Fall,4,0,0,0,0,0,7,0,0,0,0,0,1,0,0,0,0,0,0,12,0,0,0,0,0,5,0,0,0,0,0,0,0,0,0,0,0,0,0,0,0,0,0,0,0,0,0,0,0,0
130,Browns Bay H,Mobjack Bay,10/27/77,Hist,1977,October,Fall,5,0,0,0,0,0,6,0,0,0,0,0,0,0,0,0,0,0,0,29,0,0,0,0,0,7,0,0,0,0,0,0,0,0,0,0,0,0,0,0,0,0,0,0,0,0,0,0,0,0
131,Browns Bay H,Mobjack Bay,10/27/77,Hist,1977,October,Fall,6,0,0,0,0,0,1,0,0,0,0,0,0,1,0,0,0,0,0,4,0,0,0,0,0,10,0,0,0,0,0,0,0,0,0,0,0,0,0,0,0,0,0,1,0,0,0,0,0,0
138,Browns Bay H,Mobjack Bay,11/28/77,Hist,1977,November,Fall,1,0,0,0,0,0,0,0,0,0,0,0,0,0,0,0,0,0,0,0,0,0,0,0,0,0,0,0,0,0,0,0,0,0,0,0,0,0,0,0,0,0,0,0,0,0,0,0,0,0
139,Browns Bay H,Mobjack Bay,11/28/77,Hist,1977,November,Fall,2,0,0,0,0,0,0,0,0,0,0,0,0,0,0,0,0,0,0,0,0,0,0,0,0,0,0,0,0,0,0,0,0,0,0,0,0,0,0,0,0,0,0,0,0,0,0,0,0,0
140,Browns Bay H,Mobjack Bay,11/28/77,Hist,1977,November,Fall,3,0,0,0,0,0,0,0,0,0,0,0,0,0,0,0,0,0,0,0,0,0,0,0,0,1,0,0,0,0,0,0,0,0,0,0,0,0,0,0,0,0,0,0,0,0,0,0,0,0
141,Browns Bay H,Mobjack Bay,11/28/77,Hist,1977,November,Fall,4,0,0,0,0,0,0,0,0,0,0,0,0,0,0,0,0,0,0,0,0,0,0,0,0,0,0,0,0,0,0,0,0,0,0,0,0,0,0,0,0,0,0,0,0,0,0,0,0,0
142,Browns Bay H,Mobjack Bay,11/28/77,Hist,1977,November,Fall,5,0,0,0,0,0,0,0,0,0,0,0,0,0,0,0,0,0,0,0,0,0,0,0,0,0,0,0,0,0,0,0,0,0,0,0,0,0,0,0,0,0,0,0,0,0,0,0,0,0
143,Browns Bay H,Mobjack Bay,11/28/77,Hist,1977,November,Fall,6,0,0,0,0,0,0,0,0,0,1,1,0,0,0,0,0,0,0,0,0,0,0,0,0,3,0,0,0,0,0,0,1,0,0,0,0,0,0,0,0,0,0,0,0,0,0,0,0,0
144,Goodwin Island,York River,7/8/09,Pres,2009,July,Summer,1,0,0,0,2,0,3,0,0,0,0,24,0,0,0,0,0,0,0,0,0,0,0,0,0,0,0,0,0,0,1,0,0,0,0,45,0,0,1,25,0,0,0,0,0,0,0,0,0,0
145,Goodwin Island,York River,7/8/09,Pres,2009,July,Summer,2,0,0,0,7,0,3,0,0,0,0,69,0,0,0,0,0,0,0,0,0,0,2,0,0,0,0,0,0,0,1,0,0,0,0,72,0,0,0,23,0,0,0,0,0,0,0,0,0,0
146,Goodwin Island,York River,7/8/09,Pres,2009,July,Summer,3,0,0,0,6,0,0,0,0,0,1,47,0,0,0,0,0,0,0,0,0,1,0,0,0,0,0,0,0,0,1,0,0,0,0,33,0,0,2,29,0,0,0,0,1,0,0,0,0,0
147,Goodwin Island,York River,7/8/09,Pres,2009,July,Summer,4,0,0,0,2,0,1,1,0,0,1,23,0,0,0,0,0,0,0,0,0,0,0,0,0,0,0,0,0,0,2,1,0,0,0,74,0,0,1,10,0,0,0,0,0,0,1,0,0,0
148,Goodwin Island,York River,7/8/09,Pres,2009,July,Summer,5,0,0,0,0,0,3,0,0,0,1,23,0,0,0,0,0,0,0,0,0,0,0,0,0,0,1,0,0,0,0,1,0,0,0,133,0,0,1,15,0,0,0,0,0,0,0,0,0,0
149,Goodwin Island,York River,7/8/09,Pres,2009,July,Summer,6,0,0,0,1,0,0,0,0,0,1,21,0,0,0,0,0,0,0,0,0,0,0,0,0,0,1,0,0,0,0,0,0,0,0,106,0,0,0,17,0,0,0,0,0,0,1,0,0,0
150,Goodwin Island,York River,7/29/09,Pres,2009,July,Summer,1,0,0,0,0,0,10,0,0,0,1,31,0,0,0,0,0,0,0,0,0,0,0,0,0,4,0,0,0,0,0,0,0,0,0,45,0,0,0,6,0,0,0,0,1,0,1,0,0,0
151,Goodwin Island,York River,7/29/09,Pres,2009,July,Summer,2,0,0,0,0,0,0,0,0,0,0,14,1,0,0,0,0,0,0,0,0,0,0,0,0,14,0,0,0,0,0,0,0,0,0,26,0,0,0,5,0,0,0,0,0,0,2,0,0,0
152,Goodwin Island,York River,7/29/09,Pres,2009,July,Summer,3,0,0,0,0,0,3,0,0,0,0,36,0,0,0,0,0,0,0,0,0,0,0,0,0,16,0,0,0,0,0,0,0,0,0,20,0,0,1,3,0,0,0,0,0,0,0,0,0,0
153,Goodwin Island,York River,7/29/09,Pres,2009,July,Summer,4,0,0,0,0,0,0,0,0,0,0,35,0,0,0,0,0,0,0,0,0,0,0,0,0,10,2,0,0,0,1,0,0,0,0,28,0,0,0,7,0,0,0,0,1,0,0,0,0,0
154,Goodwin Island,York River,8/20/09,Pres,2009,August,Summer,1,0,0,0,0,0,61,0,0,0,1,14,0,0,0,0,0,0,0,0,0,0,0,0,0,2,1,0,0,0,0,0,0,0,0,12,0,0,3,4,0,0,0,0,0,0,0,0,0,0
155,Goodwin Island,York River,8/20/09,Pres,2009,August,Summer,2,0,0,0,0,0,83,0,0,0,0,9,0,0,0,0,0,0,0,0,0,0,0,0,0,4,0,0,0,0,0,0,0,0,0,36,0,0,0,2,0,0,0,0,0,0,0,0,0,0
156,Goodwin Island,York River,8/20/09,Pres,2009,August,Summer,3,0,0,0,0,0,0,0,0,0,2,5,0,0,0,0,0,0,0,0,0,0,0,0,0,4,0,0,0,0,0,0,0,0,0,115,0,0,0,6,0,0,0,0,0,0,0,0,0,0
157,Goodwin Island,York River,8/20/09,Pres,2009,August,Summer,4,0,0,0,0,0,12,0,0,0,0,19,0,0,0,0,0,0,0,0,0,0,0,0,0,6,0,0,0,0,0,0,0,0,0,59,0,0,1,3,0,0,0,0,0,0,0,0,0,0
162,Goodwin Island,York River,9/11/09,Pres,2009,September,Summer,1,0,0,0,0,0,214,0,0,0,0,5,0,0,0,0,0,0,0,0,0,0,0,0,0,1,0,0,0,0,0,0,0,0,0,0,0,0,0,10,0,0,0,0,1,0,1,0,0,0
163,Goodwin Island,York River,9/11/09,Pres,2009,September,Summer,2,0,0,0,0,0,45,1,0,0,0,6,0,0,0,0,0,0,0,0,0,0,0,0,0,0,2,0,0,0,2,0,0,0,0,15,0,0,0,5,0,0,0,0,0,0,0,0,0,0
164,Goodwin Island,York River,9/11/09,Pres,2009,September,Summer,3,0,0,0,0,0,148,0,0,0,0,4,0,0,0,0,0,0,0,0,0,0,0,0,0,1,1,0,0,0,0,0,0,0,0,1,0,0,1,0,0,0,0,0,0,0,0,0,0,0
165,Goodwin Island,York River,9/11/09,Pres,2009,September,Summer,4,0,0,0,0,0,2,0,0,0,0,4,0,0,1,0,0,0,0,0,0,0,0,0,0,0,5,0,0,0,2,0,0,0,0,0,0,0,0,3,0,0,0,1,0,0,0,0,0,0
171,Goodwin Island,York River,10/6/09,Pres,2009,October,Fall,1,0,0,0,0,0,0,1,0,0,0,2,0,0,0,0,0,0,0,0,0,1,0,0,0,0,0,0,0,0,0,0,0,0,0,0,0,0,0,5,0,0,0,0,0,0,1,0,0,0
172,Goodwin Island,York River,10/6/09,Pres,2009,October,Fall,2,0,0,0,0,0,0,0,0,0,2,7,0,0,0,0,0,0,0,0,0,0,0,0,0,2,0,0,0,0,0,0,0,0,0,0,0,0,0,4,0,0,0,0,1,0,1,0,0,0
173,Goodwin Island,York River,10/6/09,Pres,2009,October,Fall,3,0,0,0,0,0,0,0,0,0,5,10,1,0,0,0,0,0,0,0,0,1,0,0,1,3,0,0,0,0,0,0,0,0,0,0,0,0,0,1,0,0,0,0,0,0,0,0,0,0
174,Goodwin Island,York River,10/6/09,Pres,2009,October,Fall,4,0,0,0,0,0,0,0,0,0,6,7,0,0,0,0,0,0,0,0,0,1,0,0,0,4,0,0,0,0,0,0,0,0,0,0,0,0,0,9,0,0,0,0,0,0,0,0,0,0
183,Goodwin Island,York River,11/9/09,Pres,2009,November,Fall,1,0,0,0,0,0,0,0,0,0,0,1,0,0,0,0,0,0,0,0,0,0,0,0,0,0,0,0,0,0,0,0,0,0,0,0,0,0,0,0,0,0,0,0,0,0,0,0,0,0
184,Goodwin Island,York River,11/9/09,Pres,2009,November,Fall,2,0,0,0,0,0,0,0,0,0,0,3,0,0,0,0,0,0,0,0,0,0,0,0,0,0,0,0,0,0,0,0,0,0,0,0,0,0,0,0,0,0,0,0,0,0,0,0,0,0
185,Goodwin Island,York River,11/9/09,Pres,2009,November,Fall,3,0,0,0,0,0,0,0,0,0,0,3,0,0,0,0,0,0,0,0,0,0,1,0,0,1,0,0,0,0,0,0,0,0,0,0,0,0,0,0,0,0,0,0,0,0,0,0,0,0
186,Goodwin Island,York River,11/9/09,Pres,2009,November,Fall,4,0,0,0,0,0,0,0,0,0,0,2,0,0,0,0,0,0,0,0,0,0,0,0,0,1,0,0,0,0,0,0,0,0,0,0,0,0,0,0,0,0,0,0,0,0,0,0,0,0
193,Goodwin Island,York River,4/6/10,Pres,2010,April,Spring,1,0,0,0,0,0,0,0,0,0,0,0,0,0,0,0,0,0,0,0,0,0,0,0,0,0,0,0,0,0,0,0,0,0,0,0,0,0,0,0,0,0,0,0,0,0,0,0,0,0
194,Goodwin Island,York River,4/6/10,Pres,2010,April,Spring,2,0,0,0,0,0,0,0,0,0,0,3,0,0,0,0,0,0,0,0,0,0,0,0,0,0,0,0,0,0,0,0,0,0,0,0,0,0,0,0,0,0,0,0,0,0,0,0,0,0
195,Goodwin Island,York River,4/6/10,Pres,2010,April,Spring,3,0,0,0,0,0,0,0,0,0,0,2,1,0,0,0,0,0,0,0,0,0,0,0,0,0,0,0,0,0,0,0,0,0,0,0,0,0,0,0,0,0,0,0,0,0,0,0,0,0
196,Goodwin Island,York River,4/6/10,Pres,2010,April,Spring,4,0,0,0,0,0,0,0,0,0,0,0,0,0,0,0,0,0,0,0,0,0,0,0,0,0,0,0,0,0,0,0,0,0,0,0,0,0,0,0,0,0,0,0,0,0,1,0,0,0
197,Goodwin Island,York River,4/6/10,Pres,2010,April,Spring,5,0,0,0,0,0,0,0,0,0,0,2,0,0,0,0,0,0,0,0,0,0,0,0,0,0,0,0,0,0,0,0,0,0,0,0,0,0,0,0,0,0,0,0,0,0,0,0,0,0
198,Goodwin Island,York River,4/6/10,Pres,2010,April,Spring,6,0,0,0,0,0,0,0,0,0,0,5,0,0,0,0,0,0,0,0,0,0,0,0,0,0,0,0,0,0,0,0,0,0,0,0,0,0,0,0,0,1,0,0,0,0,0,0,0,0
211,Goodwin Island,York River,5/4/10,Pres,2010,May,Spring,1,0,0,0,0,0,0,0,0,0,0,22,0,0,0,0,0,0,0,0,0,0,0,0,0,0,0,0,0,0,0,0,0,0,0,0,0,0,0,89,0,0,0,0,0,0,0,0,0,0
212,Goodwin Island,York River,5/4/10,Pres,2010,May,Spring,2,0,0,0,0,0,0,0,0,0,0,33,0,0,0,0,0,0,0,0,0,0,0,0,0,0,0,0,0,0,0,0,0,0,0,0,0,0,0,134,0,0,0,0,0,0,0,0,0,0
213,Goodwin Island,York River,5/4/10,Pres,2010,May,Spring,3,0,0,0,0,0,0,0,0,0,0,35,0,0,0,0,0,0,0,0,0,0,0,0,0,0,0,0,0,0,0,0,0,0,0,0,0,0,0,129,0,0,0,0,0,0,0,0,0,0
214,Goodwin Island,York River,5/4/10,Pres,2010,May,Spring,4,0,0,0,0,0,0,0,0,0,0,18,0,0,0,0,0,0,0,0,0,0,0,0,0,0,0,0,0,0,0,0,0,0,0,0,0,0,0,161,0,0,0,0,0,0,0,0,0,0
215,Goodwin Island,York River,5/4/10,Pres,2010,May,Spring,5,0,0,0,0,0,0,0,0,0,0,16,0,0,0,0,0,0,0,0,0,0,0,0,0,0,0,0,0,0,0,0,0,0,0,1,0,0,0,30,0,0,0,0,0,0,0,0,0,0
216,Goodwin Island,York River,5/4/10,Pres,2010,May,Spring,6,0,0,0,0,0,0,0,0,0,0,36,0,0,0,0,0,0,0,0,0,0,0,2,0,0,0,0,0,0,0,0,0,0,0,0,0,0,0,190,0,0,0,0,0,0,0,0,0,0
217,Goodwin Island,York River,5/19/10,Pres,2010,May,Summer,1,0,0,0,0,0,0,0,0,1,0,50,0,0,0,0,0,0,0,0,0,0,0,1,0,6,0,0,0,0,0,0,0,0,0,0,0,0,0,260,0,0,0,0,0,0,1,0,0,0
218,Goodwin Island,York River,5/19/10,Pres,2010,May,Summer,2,0,0,0,0,0,0,0,0,0,0,37,0,0,0,0,0,0,0,0,0,0,0,1,0,15,0,0,0,0,0,0,0,0,0,0,1,0,0,130,0,0,0,0,0,0,0,0,0,0
219,Goodwin Island,York River,5/19/10,Pres,2010,May,Summer,3,0,0,0,0,0,0,0,0,0,0,13,0,0,0,0,0,0,0,0,0,0,0,10,0,1,0,0,0,0,0,0,0,0,0,0,0,0,0,85,0,0,0,0,0,0,0,0,0,0
220,Goodwin Island,York River,5/19/10,Pres,2010,May,Summer,4,0,0,0,0,0,0,0,0,0,0,11,0,0,0,0,0,0,0,0,0,0,0,0,0,5,0,0,0,0,0,0,0,0,0,0,0,0,0,113,0,0,0,0,0,0,0,0,0,0
221,Goodwin Island,York River,5/19/10,Pres,2010,May,Summer,5,0,0,0,0,0,1,0,0,0,0,8,0,0,0,0,0,0,0,0,0,0,0,0,0,0,0,0,0,0,0,0,0,0,0,0,0,0,0,118,0,0,0,0,0,0,0,0,0,0
238,Goodwin Island,York River,6/2/10,Pres,2010,June,Summer,1,0,0,0,0,0,0,0,0,0,0,6,0,0,0,0,0,0,0,0,0,0,0,13,0,6,0,0,0,0,0,0,0,0,0,0,0,0,0,154,0,0,0,0,0,0,0,0,0,0
239,Goodwin Island,York River,6/2/10,Pres,2010,June,Summer,2,0,0,0,3,0,0,0,0,0,0,15,0,0,0,0,0,0,0,0,0,0,0,16,0,16,0,0,0,0,0,0,0,0,0,0,1,0,0,51,0,0,0,0,0,0,0,0,0,0
240,Goodwin Island,York River,6/2/10,Pres,2010,June,Summer,3,0,1,0,1,0,0,0,0,0,0,16,0,0,0,0,0,0,0,0,0,0,0,10,1,0,0,0,0,0,0,0,0,0,0,5,0,0,0,115,0,0,0,0,0,0,0,0,0,0
241,Goodwin Island,York River,6/2/10,Pres,2010,June,Summer,4,0,0,0,1,0,0,0,0,0,0,16,0,0,0,0,0,0,0,0,0,0,0,9,0,27,0,0,0,0,0,0,0,0,0,1,0,0,0,177,0,0,0,0,0,0,0,0,0,0
246,Goodwin Island,York River,6/17/10,Pres,2010,June,Summer,1,0,0,0,1,0,3,0,0,0,0,3,0,0,0,0,0,0,1,0,0,0,0,0,0,12,0,0,0,0,0,0,0,0,0,3,0,0,0,42,0,0,0,0,0,0,2,0,0,0
247,Goodwin Island,York River,6/17/10,Pres,2010,June,Summer,2,0,0,0,1,0,1,0,0,0,0,5,1,0,0,0,0,0,5,0,0,0,0,2,0,62,0,0,0,0,0,0,0,0,0,1,0,0,0,66,0,0,0,0,1,0,1,0,0,0
248,Goodwin Island,York River,6/17/10,Pres,2010,June,Summer,3,0,0,0,0,0,0,0,0,0,0,8,0,0,0,0,0,0,1,0,0,0,0,0,0,30,0,0,0,0,0,0,0,0,0,0,0,0,0,47,0,0,0,0,0,0,0,0,0,0
249,Goodwin Island,York River,6/17/10,Pres,2010,June,Summer,4,0,0,0,0,0,0,0,0,0,0,3,0,0,0,0,0,0,0,0,0,0,0,0,0,4,0,0,0,0,0,0,0,0,0,0,0,0,0,12,0,0,0,0,0,0,0,0,0,0
255,Goodwin Island,York River,6/21/10,Pres,2010,June,Summer,1,0,0,0,2,0,0,0,0,0,0,8,0,0,0,0,0,0,1,0,0,0,0,0,0,26,0,0,0,0,0,0,0,0,0,6,0,0,0,28,0,0,0,0,0,0,0,0,0,0
256,Goodwin Island,York River,6/21/10,Pres,2010,June,Summer,2,0,0,0,1,0,0,0,0,0,0,11,0,0,0,0,0,0,0,0,0,0,0,0,0,33,0,0,0,0,0,0,0,0,0,3,2,0,0,14,0,0,0,0,1,0,0,0,0,0
257,Goodwin Island,York River,6/21/10,Pres,2010,June,Summer,3,0,0,0,1,0,0,0,0,0,0,13,0,0,0,0,0,0,0,0,0,0,0,0,0,55,0,0,0,0,0,2,0,0,0,14,3,0,0,11,0,0,0,0,0,0,0,0,0,0
258,Goodwin Island,York River,6/21/10,Pres,2010,June,Summer,4,0,0,0,3,0,0,0,0,0,0,4,0,0,0,0,0,0,0,0,0,0,0,1,0,20,0,0,0,0,0,0,0,0,0,13,0,0,0,23,0,0,0,1,0,0,0,0,0,0
273,Goodwin Island,York River,7/6/10,Pres,2010,July,Summer,1,0,0,0,3,0,15,0,0,0,0,15,0,0,0,0,0,0,1,0,0,0,0,0,0,55,0,0,0,0,0,0,0,0,0,36,2,0,1,25,0,0,0,0,0,0,0,0,0,0
274,Goodwin Island,York River,7/6/10,Pres,2010,July,Summer,2,0,0,0,1,0,167,0,0,0,0,11,1,0,0,0,0,0,1,0,0,0,0,0,0,32,2,0,0,0,0,0,0,0,0,60,2,0,0,9,0,0,0,0,0,0,0,0,0,0
275,Goodwin Island,York River,7/6/10,Pres,2010,July,Summer,3,0,0,0,0,0,3,0,0,0,0,14,0,0,0,0,0,0,1,0,0,0,0,0,0,54,0,0,0,0,0,0,0,0,0,46,0,0,3,38,0,0,0,0,0,0,0,0,0,0
276,Goodwin Island,York River,7/6/10,Pres,2010,July,Summer,4,0,0,0,6,0,6,0,0,0,0,14,0,0,0,0,0,0,0,0,0,0,0,0,0,19,0,0,0,0,0,0,0,0,0,37,4,0,3,8,0,0,0,0,0,0,0,0,0,0
281,Goodwin Island,York River,7/20/10,Pres,2010,July,Summer,1,0,0,0,0,0,0,0,0,0,0,8,0,0,0,0,0,0,1,0,0,0,0,0,0,12,0,0,0,0,0,0,0,0,0,195,0,0,2,8,0,0,0,1,0,0,0,0,0,0
282,Goodwin Island,York River,7/20/10,Pres,2010,July,Summer,2,0,0,0,1,0,3,0,0,0,0,6,0,0,0,0,0,0,0,0,0,0,0,0,0,2,1,0,0,0,0,0,0,0,0,56,0,0,2,13,0,0,0,0,1,0,0,0,0,0
283,Goodwin Island,York River,7/20/10,Pres,2010,July,Summer,3,0,0,0,0,0,32,0,0,0,0,10,0,0,0,0,0,0,0,0,0,0,0,0,0,1,0,0,0,0,0,0,0,0,0,45,0,0,0,4,0,0,0,0,1,0,0,0,0,0
284,Goodwin Island,York River,7/20/10,Pres,2010,July,Summer,4,0,0,0,0,0,7,0,0,0,0,10,0,0,0,0,0,0,1,0,0,0,0,0,0,10,5,0,0,0,0,0,0,0,0,70,0,0,2,2,0,0,0,2,0,0,0,0,0,0
297,Goodwin Island,York River,8/10/10,Pres,2010,August,Summer,1,0,0,0,0,1,0,0,0,0,0,0,0,0,0,0,0,0,2,0,0,1,0,0,0,0,0,0,0,0,0,0,0,0,0,27,0,0,0,1,0,0,0,0,0,0,0,0,0,0
298,Goodwin Island,York River,8/10/10,Pres,2010,August,Summer,2,0,0,0,0,0,7,0,0,0,0,0,0,0,0,0,0,0,0,0,0,1,0,0,0,0,0,0,0,0,0,0,0,0,0,37,0,0,0,4,0,0,0,0,0,0,0,0,0,0
299,Goodwin Island,York River,8/10/10,Pres,2010,August,Summer,3,0,0,0,0,0,16,0,0,0,0,0,0,0,0,0,0,0,0,0,0,2,0,0,0,0,0,0,0,0,0,0,0,0,0,29,0,0,0,5,0,0,0,0,0,0,0,0,0,0
300,Goodwin Island,York River,8/10/10,Pres,2010,August,Summer,4,0,0,0,1,0,5,0,0,0,0,0,0,0,0,0,0,0,1,0,0,0,0,0,0,0,0,0,0,0,0,0,0,0,0,18,0,0,0,2,0,0,0,0,0,0,0,0,0,0
301,Goodwin Island,York River,8/10/10,Pres,2010,August,Summer,5,0,0,0,0,0,1,0,0,0,0,0,0,0,0,0,0,0,1,0,0,2,0,0,0,2,0,0,0,0,0,0,0,0,0,31,0,0,0,4,0,0,0,0,0,0,0,0,0,0
302,Goodwin Island,York River,8/10/10,Pres,2010,August,Summer,6,0,0,0,0,0,6,0,0,0,0,1,0,0,0,0,0,0,0,0,0,0,0,0,0,1,0,0,0,0,0,0,0,0,0,97,0,0,0,10,0,0,0,0,0,0,1,0,0,0
309,Goodwin Island,York River,8/16/10,Pres,2010,August,Summer,1,0,0,0,0,0,114,0,0,0,0,0,0,0,0,0,0,0,1,0,0,0,0,0,0,2,1,0,0,0,0,0,0,0,0,0,0,0,0,5,0,0,0,0,0,0,0,0,0,0
310,Goodwin Island,York River,8/16/10,Pres,2010,August,Summer,2,0,0,0,0,0,5,0,0,0,0,0,0,0,0,0,0,0,2,0,0,0,0,0,0,0,0,0,0,0,0,0,0,0,0,0,0,0,0,4,0,0,0,0,0,0,1,0,0,0
311,Goodwin Island,York River,8/16/10,Pres,2010,August,Summer,3,0,0,0,0,0,0,0,0,0,0,0,0,0,0,0,0,0,0,0,0,0,0,0,0,1,2,0,0,0,0,0,0,0,0,13,0,0,0,26,0,0,0,0,0,0,0,0,0,0
312,Goodwin Island,York River,8/16/10,Pres,2010,August,Summer,4,0,0,0,0,0,25,0,0,0,0,0,0,0,0,0,0,0,0,0,0,1,0,0,0,0,2,0,0,0,0,0,0,0,0,2,0,0,0,4,0,0,0,0,0,0,0,0,0,0
313,Goodwin Island,York River,8/16/10,Pres,2010,August,Summer,5,0,0,0,0,0,53,0,0,0,0,0,0,0,0,0,0,0,0,0,0,0,0,0,0,2,0,0,0,0,0,0,0,0,0,45,0,0,0,9,0,0,0,0,0,0,0,0,0,0
314,Goodwin Island,York River,8/16/10,Pres,2010,August,Summer,6,0,0,0,0,1,14,0,0,0,0,0,1,0,0,0,0,0,1,0,0,2,0,0,0,0,0,0,0,0,0,0,0,0,0,2,0,0,0,5,0,0,0,1,0,0,0,0,0,0
321,Goodwin Island,York River,8/25/10,Pres,2010,August,Summer,1,0,0,0,0,3,10,0,0,0,5,0,0,0,0,0,0,0,1,0,0,3,0,0,0,0,0,0,0,0,0,0,0,0,0,8,1,0,0,89,0,0,0,0,0,0,2,0,0,0
322,Goodwin Island,York River,8/25/10,Pres,2010,August,Summer,2,0,0,0,0,1,0,0,0,0,4,0,0,0,0,0,0,0,4,0,0,0,0,0,0,1,0,0,0,0,1,0,0,0,0,10,0,0,0,34,0,0,0,0,0,0,0,0,12,0
323,Goodwin Island,York River,8/25/10,Pres,2010,August,Summer,3,0,0,0,0,1,33,0,0,0,1,0,0,0,0,0,0,0,7,0,0,9,0,0,0,1,0,0,0,0,0,0,0,0,0,15,0,0,4,57,0,0,0,0,0,0,1,0,3,0
324,Goodwin Island,York River,8/25/10,Pres,2010,August,Summer,4,0,0,0,0,1,7,0,0,0,0,0,0,0,0,0,0,0,4,0,0,5,0,0,0,1,0,0,0,0,0,0,0,0,0,10,0,0,0,30,0,0,0,0,0,0,0,0,17,0
325,Goodwin Island,York River,8/25/10,Pres,2010,August,Summer,5,0,0,0,0,1,9,0,0,0,0,0,0,0,0,0,0,0,8,0,0,2,0,0,0,0,0,0,0,0,0,0,0,0,0,13,0,0,0,32,0,0,0,0,0,0,0,0,5,0
332,Goodwin Island,York River,9/2/10,Pres,2010,September,Summer,1,0,0,0,0,0,30,0,0,0,0,0,0,0,0,0,0,0,0,0,0,0,0,0,0,0,0,0,0,0,0,0,0,0,0,0,0,0,0,0,0,0,0,0,0,0,0,0,0,0
333,Goodwin Island,York River,9/2/10,Pres,2010,September,Summer,2,0,0,0,0,2,161,0,0,0,0,0,0,0,0,0,0,0,0,0,0,0,0,0,0,0,1,0,0,0,0,0,0,0,0,0,0,1,0,5,0,0,0,0,0,0,0,0,5,0
334,Goodwin Island,York River,9/2/10,Pres,2010,September,Summer,3,0,0,0,0,1,79,0,0,0,2,0,0,0,0,0,0,0,0,0,0,0,0,0,0,0,0,0,0,0,0,0,0,0,0,1,0,0,1,10,0,0,0,0,0,0,0,0,7,0
335,Goodwin Island,York River,9/2/10,Pres,2010,September,Summer,4,0,0,0,0,0,324,0,0,0,0,0,0,0,0,0,0,0,0,0,0,0,0,0,0,0,1,0,0,0,0,0,0,0,0,3,0,0,0,3,0,0,0,0,0,0,0,0,11,0
336,Goodwin Island,York River,9/2/10,Pres,2010,September,Summer,5,0,0,0,0,0,23,0,0,0,0,0,0,0,0,0,0,0,2,0,0,1,0,0,0,0,1,0,0,0,0,0,0,0,0,8,0,0,0,6,0,0,0,0,0,0,0,0,5,0
337,Goodwin Island,York River,9/2/10,Pres,2010,September,Summer,6,0,0,0,0,0,37,0,0,0,0,0,0,0,0,0,0,0,1,0,0,0,0,0,0,0,1,0,0,0,0,0,0,0,0,0,0,0,0,9,0,0,0,0,0,0,0,0,7,0
343,Goodwin Island,York River,9/20/10,Pres,2010,September,Fall,1,0,0,0,0,0,0,0,0,0,0,0,0,0,0,0,0,0,0,0,0,1,0,0,0,0,0,0,0,0,0,0,0,0,0,0,0,0,0,29,0,0,0,0,0,0,0,0,0,0
344,Goodwin Island,York River,9/20/10,Pres,2010,September,Fall,2,0,0,0,0,0,1,0,0,0,0,0,0,0,0,0,0,0,0,0,0,1,0,0,0,0,0,0,0,0,0,0,0,0,0,0,0,0,0,14,0,0,0,0,0,0,1,0,0,0
345,Goodwin Island,York River,9/20/10,Pres,2010,September,Fall,3,0,0,0,0,0,1,0,0,0,0,0,0,0,0,0,0,0,0,0,0,1,0,0,0,0,0,0,0,0,0,0,0,0,0,0,0,0,0,20,0,0,0,0,0,0,0,0,0,0
346,Goodwin Island,York River,9/20/10,Pres,2010,September,Fall,4,0,0,0,0,0,1,0,0,0,0,0,0,0,0,0,0,0,0,0,0,4,0,0,0,0,0,0,0,0,0,0,0,0,0,0,0,0,0,37,0,0,0,0,0,0,0,0,0,0
347,Goodwin Island,York River,9/20/10,Pres,2010,September,Fall,5,0,0,0,0,0,0,0,0,0,0,0,0,0,0,0,0,0,0,0,0,3,0,0,0,0,0,0,0,0,0,0,0,0,0,0,0,0,0,63,0,0,0,0,0,0,1,0,0,0
353,Goodwin Island,York River,10/6/10,Pres,2010,October,Fall,1,0,0,0,0,0,0,0,0,0,0,0,0,0,0,0,0,0,0,0,0,3,0,0,0,0,0,0,0,0,0,0,0,0,0,0,0,0,0,68,0,0,0,0,0,0,0,0,0,0
354,Goodwin Island,York River,10/6/10,Pres,2010,October,Fall,2,0,0,0,0,0,0,0,0,0,0,0,0,0,0,0,0,0,0,0,0,2,0,0,0,0,0,0,0,0,0,0,0,0,0,0,0,0,0,3,0,0,0,0,0,0,1,0,0,0
355,Goodwin Island,York River,10/6/10,Pres,2010,October,Fall,3,0,0,0,0,0,0,0,0,0,0,0,0,0,0,0,0,0,0,0,0,2,0,0,0,0,0,0,0,0,0,0,0,0,0,0,0,0,0,29,0,0,0,0,0,0,0,0,0,0
356,Goodwin Island,York River,10/6/10,Pres,2010,October,Fall,4,0,0,0,0,0,0,0,0,0,0,0,0,0,0,0,0,0,0,0,0,2,0,0,0,0,0,0,0,0,0,0,0,0,0,0,0,0,0,9,0,0,0,0,0,0,0,0,0,0
362,Goodwin Island,York River,10/28/10,Pres,2010,October,Fall,1,0,0,0,0,0,2,0,0,0,0,0,0,0,0,0,0,0,0,0,0,0,0,0,0,0,0,0,0,0,0,0,0,0,0,0,0,0,0,11,0,0,0,0,0,0,0,0,0,0
363,Goodwin Island,York River,10/28/10,Pres,2010,October,Fall,2,0,0,0,0,0,54,0,0,0,2,0,0,0,0,0,0,0,0,0,0,0,0,0,0,0,0,0,0,0,0,0,0,0,0,0,0,0,0,5,0,0,0,0,0,0,0,0,0,0
364,Goodwin Island,York River,10/28/10,Pres,2010,October,Fall,3,0,0,0,0,0,39,0,0,0,1,0,0,0,0,0,0,0,0,0,0,0,0,0,0,0,0,0,0,0,0,0,0,0,0,0,0,0,0,25,0,0,0,0,0,0,0,0,0,0
365,Goodwin Island,York River,10/28/10,Pres,2010,October,Fall,4,0,0,0,0,0,34,0,0,0,0,0,0,0,0,0,0,0,0,0,0,0,0,0,0,1,0,0,0,0,0,0,0,0,0,0,0,0,0,13,0,0,0,0,0,0,0,0,0,0
374,Goodwin Island,York River,3/17/11,Pres,2011,March,Spring,1,0,0,0,0,0,0,0,0,0,0,0,0,0,0,0,0,0,0,0,0,0,0,0,0,0,0,0,0,0,0,0,0,0,0,0,0,0,0,0,0,0,0,0,0,0,0,0,0,0
375,Goodwin Island,York River,3/17/11,Pres,2011,March,Spring,2,0,0,0,0,0,0,0,0,0,0,0,0,0,0,0,0,0,0,0,0,0,0,0,0,0,0,0,0,0,0,0,0,0,0,0,0,0,0,0,0,1,0,0,0,0,0,0,0,0
376,Goodwin Island,York River,3/17/11,Pres,2011,March,Spring,3,0,0,0,0,0,0,0,0,0,0,0,0,0,0,0,0,0,0,0,0,0,0,0,0,0,0,0,0,0,0,0,0,0,0,0,0,0,0,0,0,0,0,0,0,0,0,0,0,0
377,Goodwin Island,York River,3/17/11,Pres,2011,March,Spring,4,0,0,0,0,0,0,0,0,0,0,0,0,0,0,0,0,0,0,0,0,0,0,0,0,0,0,0,0,0,0,0,0,0,0,0,0,0,0,0,0,0,0,0,0,0,0,0,0,0
386,Goodwin Island,York River,5/26/11,Pres,2011,May,Summer,1,0,0,0,0,0,0,0,0,0,0,1,0,0,0,0,0,0,0,0,0,0,0,0,0,1,0,0,0,0,0,0,0,0,0,0,0,0,0,0,0,0,0,0,0,0,0,0,0,0
387,Goodwin Island,York River,5/26/11,Pres,2011,May,Summer,2,0,0,0,0,0,28,0,0,0,0,1,0,0,0,0,0,0,0,0,0,0,0,0,0,1,0,0,0,0,0,0,0,0,0,0,0,0,0,1,0,0,0,0,0,0,0,0,0,0
388,Goodwin Island,York River,5/26/11,Pres,2011,May,Summer,3,0,0,0,0,0,0,0,0,0,0,0,0,0,0,0,0,0,0,0,0,0,0,0,0,2,0,0,0,0,0,0,0,0,0,0,0,0,0,1,0,0,0,0,0,0,0,0,0,0
389,Goodwin Island,York River,5/26/11,Pres,2011,May,Summer,4,0,0,0,0,0,0,0,0,0,0,0,0,0,0,0,0,0,0,0,0,0,0,0,0,0,0,0,0,0,0,0,0,0,0,0,0,0,0,0,0,0,0,0,0,0,0,0,0,0
390,Goodwin Island,York River,6/7/11,Pres,2011,June,Summer,1,0,0,0,0,0,1,0,0,0,0,0,0,0,0,0,0,0,0,0,0,0,0,0,0,2,0,0,0,0,0,0,0,0,0,0,0,0,0,0,0,0,2,0,0,0,0,0,0,0
391,Goodwin Island,York River,6/7/11,Pres,2011,June,Summer,2,0,0,0,0,0,0,0,0,0,0,0,0,0,0,0,0,0,0,0,0,0,0,0,0,5,0,0,0,0,0,1,0,0,0,1,0,0,0,8,0,0,1,0,0,0,0,0,0,0
392,Goodwin Island,York River,6/7/11,Pres,2011,June,Summer,3,0,0,0,1,0,0,0,0,0,0,0,0,0,0,0,0,0,1,0,0,0,0,0,0,12,0,0,0,0,0,1,0,0,0,3,0,0,0,15,0,0,0,0,0,0,0,0,0,0
393,Goodwin Island,York River,6/7/11,Pres,2011,June,Summer,4,0,0,0,3,0,1,0,0,0,0,0,0,0,0,0,0,0,0,0,0,0,0,0,0,1,0,0,0,0,0,0,0,0,0,0,0,0,0,1,0,0,2,0,0,0,0,0,0,0
402,Goodwin Island,York River,6/21/11,Pres,2011,June,Summer,1,0,0,0,0,0,1,0,0,0,0,2,0,0,0,0,0,0,0,0,0,0,0,0,0,10,0,0,0,0,0,0,0,0,0,6,0,0,0,8,0,0,0,0,0,0,0,0,0,0
403,Goodwin Island,York River,6/21/11,Pres,2011,June,Summer,2,0,0,0,0,0,0,0,0,0,0,0,0,0,0,0,0,0,0,0,0,0,0,0,0,3,0,0,0,0,0,0,0,0,0,1,0,0,0,4,0,0,3,0,0,0,0,0,0,0
404,Goodwin Island,York River,6/21/11,Pres,2011,June,Summer,3,0,0,0,0,0,0,0,0,0,0,2,0,0,0,0,0,0,0,0,0,0,1,0,0,2,0,0,0,0,0,0,0,0,0,0,0,0,0,4,0,0,0,0,0,0,0,0,0,0
405,Goodwin Island,York River,6/21/11,Pres,2011,June,Summer,4,0,0,0,0,0,0,0,0,0,0,0,0,0,0,0,0,0,0,0,0,0,0,0,0,15,0,0,0,0,0,0,0,0,0,9,0,0,0,12,0,0,0,0,0,0,0,0,0,0
406,Goodwin Island,York River,7/5/11,Pres,2011,July,Summer,1,0,0,0,0,0,0,1,0,0,0,0,0,0,0,0,0,0,1,0,0,0,0,0,0,6,3,0,0,0,0,1,0,0,0,13,0,0,0,5,0,0,0,0,0,0,0,0,0,0
407,Goodwin Island,York River,7/5/11,Pres,2011,July,Summer,2,0,0,0,0,0,6,0,0,0,0,1,0,0,0,0,0,0,1,0,0,0,0,0,0,2,0,0,0,0,0,0,0,0,0,4,0,0,0,4,0,0,0,0,0,0,1,0,0,0
408,Goodwin Island,York River,7/5/11,Pres,2011,July,Summer,3,0,0,0,0,0,3,0,0,0,0,4,0,0,0,0,0,0,1,0,0,0,1,0,0,3,1,0,0,0,0,0,0,0,0,3,0,0,0,20,0,0,0,0,0,0,1,0,0,0
409,Goodwin Island,York River,7/5/11,Pres,2011,July,Summer,4,0,0,0,0,0,0,0,0,0,0,1,0,0,0,0,0,0,0,0,0,1,0,0,0,1,0,0,0,0,0,0,0,0,0,0,0,0,0,9,0,0,0,0,0,0,0,0,0,0
415,Goodwin Island,York River,7/19/11,Pres,2011,July,Summer,1,0,0,0,0,0,4,0,0,0,0,2,0,0,0,0,0,0,3,0,0,1,0,0,2,4,1,0,0,0,0,0,0,0,0,41,0,0,0,6,0,0,0,1,0,0,0,0,0,0
416,Goodwin Island,York River,7/19/11,Pres,2011,July,Summer,2,0,0,0,0,0,1,0,0,0,0,1,0,0,0,0,0,0,1,0,0,2,0,0,0,3,1,0,0,0,0,0,0,0,0,26,0,0,0,14,0,0,0,0,0,0,0,0,0,0
417,Goodwin Island,York River,7/19/11,Pres,2011,July,Summer,3,0,0,0,0,0,0,0,0,0,0,2,0,0,0,0,0,0,0,0,0,0,0,0,0,16,0,0,0,0,0,0,0,0,0,51,0,0,0,3,0,0,0,0,0,0,1,0,0,0
418,Goodwin Island,York River,7/19/11,Pres,2011,July,Summer,4,0,0,0,0,0,2,0,0,0,0,0,0,0,0,0,0,0,0,0,0,0,0,0,0,7,1,0,0,0,0,0,0,0,0,35,0,0,0,2,0,0,0,1,1,0,0,0,0,0
419,Goodwin Island,York River,7/19/11,Pres,2011,July,Summer,5,0,0,0,0,0,2,0,0,0,0,12,0,0,0,0,0,0,0,0,0,1,1,0,0,19,2,0,0,0,0,1,0,0,0,45,0,0,2,6,0,0,0,0,0,0,0,0,0,0
420,Goodwin Island,York River,7/19/11,Pres,2011,July,Summer,6,0,0,0,0,0,0,0,0,0,0,2,0,0,0,0,0,0,0,0,0,1,0,0,1,16,3,0,0,0,1,0,0,0,0,124,0,0,0,5,0,0,0,0,0,0,0,0,0,0
421,Goodwin Island,York River,7/28/11,Pres,2011,July,Summer,1,0,0,0,0,0,76,0,0,0,0,1,0,0,0,0,0,0,0,0,0,0,0,0,0,1,1,0,0,0,0,0,0,0,0,4,0,0,0,4,0,0,0,0,0,0,1,0,1,0
422,Goodwin Island,York River,7/28/11,Pres,2011,July,Summer,2,0,0,0,0,0,5,0,0,0,0,1,0,0,0,0,0,0,1,0,0,47,0,0,0,3,0,0,0,0,0,0,0,0,0,7,0,0,0,0,0,0,0,0,0,0,1,0,0,0
423,Goodwin Island,York River,7/28/11,Pres,2011,July,Summer,3,0,0,0,0,0,86,0,0,0,0,1,0,0,0,0,0,0,0,0,0,0,0,0,0,2,0,0,0,0,0,0,0,0,0,24,0,0,2,0,0,0,0,0,1,0,1,0,0,0
424,Goodwin Island,York River,7/28/11,Pres,2011,July,Summer,4,0,0,0,0,0,2,3,0,0,0,1,0,0,0,0,0,0,1,0,0,0,1,0,0,5,1,0,0,0,0,0,0,0,0,34,0,0,0,0,0,0,0,0,0,0,0,0,0,0
425,Goodwin Island,York River,7/28/11,Pres,2011,July,Summer,5,0,0,0,0,0,0,0,0,0,0,1,0,0,0,0,0,0,0,0,0,0,0,0,0,5,1,0,0,0,0,0,0,0,0,4,0,0,0,0,0,0,0,0,0,0,0,0,0,0
426,Goodwin Island,York River,7/28/11,Pres,2011,July,Summer,6,0,0,0,0,0,0,0,0,0,0,2,0,0,0,0,0,0,0,0,0,0,0,0,0,3,1,0,0,0,0,0,0,0,0,29,0,0,0,1,0,0,0,1,0,0,0,0,0,0
427,Goodwin Island,York River,7/28/11,Pres,2011,July,Summer,7,0,0,0,0,0,2,0,0,0,0,2,0,0,0,0,0,0,0,0,0,1,2,0,1,7,0,0,0,0,0,0,0,0,0,12,0,0,0,1,0,0,0,0,0,0,0,0,0,0
428,Goodwin Island,York River,7/28/11,Pres,2011,July,Summer,8,0,0,0,0,0,2,0,1,0,0,2,0,0,0,0,0,0,2,0,0,0,0,0,0,8,1,0,0,0,0,0,0,0,0,23,0,1,0,1,0,0,0,0,0,0,1,0,0,0
429,Goodwin Island,York River,8/8/11,Pres,2011,August,Summer,1,0,0,0,0,0,1,0,0,0,0,0,0,0,0,0,0,0,0,0,0,1,0,0,0,2,1,0,0,0,0,0,0,0,0,0,0,0,0,0,0,0,0,0,0,0,0,0,0,0
430,Goodwin Island,York River,8/8/11,Pres,2011,August,Summer,2,0,0,0,0,0,48,0,0,0,0,0,0,0,0,0,0,0,4,0,0,0,0,0,0,2,1,0,0,0,0,2,0,0,0,0,0,0,0,0,0,0,0,0,0,0,0,0,1,0
431,Goodwin Island,York River,8/8/11,Pres,2011,August,Summer,3,0,0,0,0,0,141,0,0,0,0,3,0,0,0,0,0,0,1,0,0,0,0,0,0,2,3,0,0,0,0,0,0,0,0,10,0,0,0,0,0,0,0,0,0,0,0,0,0,0
432,Goodwin Island,York River,8/8/11,Pres,2011,August,Summer,4,0,0,0,0,0,0,0,0,0,0,0,0,0,0,0,0,0,0,0,0,1,0,0,0,0,3,0,0,0,0,0,0,0,0,3,0,0,0,0,0,0,0,0,0,0,0,0,0,0
1,Guinea Marsh,York River,9/27/76,Hist,1976,September,Fall,1,0,0,0,0,0,0,0,0,0,0,1,0,0,0,0,0,0,0,0,0,0,0,0,1,18,0,0,0,0,0,0,0,0,0,1,0,0,0,3,0,0,0,2,0,0,0,2,0,0
2,Guinea Marsh,York River,9/27/76,Hist,1976,September,Fall,2,0,0,0,0,0,0,0,0,0,0,2,1,0,0,0,0,0,0,0,0,0,0,0,0,15,0,0,0,0,0,0,0,0,0,4,0,0,0,18,0,0,0,0,0,0,0,0,0,1
3,Guinea Marsh,York River,9/27/76,Hist,1976,September,Fall,3,0,0,0,0,0,0,2,0,0,0,2,6,0,0,0,0,0,0,0,0,0,0,0,1,31,0,0,0,0,0,0,0,0,0,36,0,0,0,82,0,0,0,0,0,0,0,0,0,2
4,Guinea Marsh,York River,9/27/76,Hist,1976,September,Fall,4,0,0,0,0,0,7,0,0,0,0,1,0,0,0,0,0,0,0,0,0,0,0,0,0,34,0,0,0,0,0,0,0,0,0,1,0,0,1,30,0,0,0,1,0,0,0,4,0,1
5,Guinea Marsh,York River,9/27/76,Hist,1976,September,Fall,5,0,0,0,2,0,4,0,0,0,0,5,0,0,0,0,0,0,0,0,0,0,2,0,0,60,0,0,0,1,0,0,0,0,0,30,1,0,0,67,0,0,0,2,0,0,0,0,0,1
6,Guinea Marsh,York River,9/27/76,Hist,1976,September,Fall,6,0,0,0,0,0,0,0,0,0,0,0,0,0,0,0,0,0,0,0,0,0,0,0,0,34,0,0,0,0,0,0,0,0,0,47,0,0,0,34,0,0,0,0,0,0,0,0,0,0
7,Guinea Marsh,York River,9/27/76,Hist,1976,September,Fall,7,0,0,0,0,0,0,0,0,0,0,3,0,0,0,0,0,0,0,0,0,0,0,0,0,26,0,0,0,0,0,0,0,0,0,2,0,0,0,16,0,0,0,0,0,0,0,7,0,1
8,Guinea Marsh,York River,9/27/76,Hist,1976,September,Fall,8,0,0,0,1,0,0,0,0,0,0,10,4,0,0,0,0,0,0,0,0,0,0,0,1,63,0,0,0,0,1,0,0,0,0,4,0,0,1,12,0,0,0,4,0,0,0,4,0,3
9,Guinea Marsh,York River,9/27/76,Hist,1976,September,Fall,9,0,1,0,0,0,9,1,0,0,0,7,1,0,0,0,0,0,0,0,0,0,0,0,9,56,0,0,0,0,0,0,0,0,0,20,1,0,0,27,0,0,0,1,0,0,1,2,0,2
10,Guinea Marsh,York River,9/27/76,Hist,1976,September,Fall,10,0,0,0,2,0,0,0,0,0,0,27,0,0,0,0,0,0,0,0,0,0,0,0,1,98,10,0,0,0,0,0,0,0,0,11,0,0,3,63,1,0,0,0,1,0,2,1,0,4
21,Guinea Marsh,York River,10/27/76,Hist,1976,October,Fall,1,0,0,0,0,0,5,0,0,0,2,9,2,0,0,0,0,0,0,0,0,0,0,0,0,87,0,0,0,0,0,0,0,0,0,1,0,0,0,11,0,0,0,0,0,0,0,1,0,0
22,Guinea Marsh,York River,10/27/76,Hist,1976,October,Fall,2,0,0,0,2,0,7,0,0,0,3,8,0,0,0,0,0,0,0,0,0,0,0,1,1,55,0,0,0,0,0,0,0,0,0,4,0,0,0,6,0,0,0,3,0,0,0,0,0,1
23,Guinea Marsh,York River,10/27/76,Hist,1976,October,Fall,3,0,0,0,8,0,7,0,0,0,0,8,2,0,0,0,0,0,0,0,0,0,0,0,1,10,0,0,0,0,0,0,0,0,0,1,0,0,0,6,0,0,0,0,0,0,0,0,0,2
24,Guinea Marsh,York River,10/27/76,Hist,1976,October,Fall,4,0,0,0,1,0,8,0,0,0,0,6,0,0,0,0,0,0,0,0,0,0,0,3,1,95,0,0,0,0,0,0,0,0,0,1,1,0,0,2,0,0,0,0,0,0,0,1,0,1
25,Guinea Marsh,York River,10/27/76,Hist,1976,October,Fall,5,0,0,0,0,0,3,0,0,0,1,5,1,0,0,0,0,0,0,0,0,0,0,0,0,26,0,0,0,0,0,0,0,0,0,0,0,0,0,1,0,0,0,0,0,0,0,0,0,0
26,Guinea Marsh,York River,10/27/76,Hist,1976,October,Fall,6,0,0,0,8,0,14,0,0,0,1,1,0,0,0,0,0,0,0,0,0,0,0,0,0,43,0,0,0,0,0,0,0,0,0,2,0,0,0,4,0,0,0,0,0,0,0,3,0,1
27,Guinea Marsh,York River,10/27/76,Hist,1976,October,Fall,7,0,0,0,15,0,3,0,0,0,2,0,2,0,0,0,0,0,0,0,0,0,0,1,0,47,0,0,0,0,0,0,0,0,0,0,0,0,0,2,0,0,0,1,0,0,0,0,0,1
28,Guinea Marsh,York River,10/27/76,Hist,1976,October,Fall,8,0,0,0,3,0,27,0,0,0,0,6,1,0,0,0,0,0,0,0,0,0,0,1,0,44,0,0,0,0,0,0,0,0,0,1,0,0,0,7,0,0,0,0,0,0,0,0,0,0
29,Guinea Marsh,York River,10/27/76,Hist,1976,October,Fall,9,0,0,0,22,0,9,0,0,0,7,11,5,0,0,0,0,0,0,0,0,0,0,0,1,73,0,0,0,0,0,0,0,0,0,3,0,0,0,6,0,0,0,0,0,0,0,1,0,2
30,Guinea Marsh,York River,10/27/76,Hist,1976,October,Fall,10,0,0,0,7,0,8,0,0,0,0,6,4,0,0,0,0,0,0,0,0,0,0,0,0,129,0,0,0,0,0,0,0,0,0,3,0,0,0,2,0,0,0,2,0,0,0,3,0,1
41,Guinea Marsh,York River,12/6/76,Hist,1976,December,Winter,1,0,0,0,0,0,0,0,0,0,0,0,0,0,0,0,0,0,0,0,0,0,0,0,0,0,0,0,0,0,0,0,0,0,0,0,0,0,0,0,0,0,0,0,0,0,0,0,0,0
42,Guinea Marsh,York River,12/6/76,Hist,1976,December,Winter,2,0,0,0,6,0,0,0,0,0,0,0,0,0,0,0,0,0,0,0,0,0,0,0,0,1,0,0,0,0,0,0,0,0,0,0,0,0,0,0,0,0,0,0,0,0,0,0,0,0
43,Guinea Marsh,York River,12/6/76,Hist,1976,December,Winter,3,0,0,0,0,0,0,0,0,0,0,0,0,0,0,0,0,0,0,0,0,0,0,0,0,0,0,0,0,0,0,0,0,0,0,0,0,0,0,0,0,0,0,0,0,0,0,0,0,0
44,Guinea Marsh,York River,12/6/76,Hist,1976,December,Winter,4,0,0,0,2,0,0,0,0,0,0,0,0,0,0,0,0,0,0,0,0,0,0,0,0,0,0,0,0,0,0,0,0,0,0,0,0,0,0,0,0,0,0,0,0,0,0,0,0,0
45,Guinea Marsh,York River,12/6/76,Hist,1976,December,Winter,5,0,0,0,0,0,0,0,0,0,0,0,0,0,0,0,0,0,0,0,0,0,0,1,0,0,0,0,0,0,0,0,0,0,0,0,0,0,0,0,0,0,0,0,0,0,0,0,0,0
46,Guinea Marsh,York River,12/6/76,Hist,1976,December,Winter,6,0,0,0,1,0,0,0,0,0,0,0,0,0,0,0,0,0,0,0,0,0,0,0,0,0,0,0,0,0,0,0,0,0,0,0,0,0,0,0,0,0,0,1,0,0,0,0,0,0
53,Guinea Marsh,York River,2/17/77,Hist,1977,February,Winter,1,0,0,0,0,0,0,0,0,0,0,0,0,0,0,0,0,0,0,0,0,0,0,0,0,0,0,0,0,0,0,0,0,0,0,0,0,0,0,0,0,0,0,0,0,0,0,0,0,0
54,Guinea Marsh,York River,2/17/77,Hist,1977,February,Winter,2,0,0,0,0,0,0,0,0,0,0,0,0,0,0,0,0,0,0,0,0,0,0,0,0,0,0,0,0,0,0,0,0,0,0,0,0,0,0,0,0,0,0,0,0,0,0,0,0,0
55,Guinea Marsh,York River,2/17/77,Hist,1977,February,Winter,3,0,0,0,0,0,0,0,0,0,0,0,0,0,0,0,0,0,0,0,0,0,0,0,0,0,0,0,0,0,0,0,0,0,0,0,0,0,0,0,0,0,0,0,0,0,0,0,0,0
56,Guinea Marsh,York River,2/17/77,Hist,1977,February,Winter,4,0,0,0,0,0,0,0,0,0,0,0,0,0,0,0,0,0,0,0,0,0,0,0,0,0,0,0,0,0,0,0,0,0,0,0,0,0,0,0,0,0,0,0,0,0,0,0,0,0
57,Guinea Marsh,York River,2/17/77,Hist,1977,February,Winter,5,0,0,0,0,0,0,0,0,0,0,0,0,0,0,0,0,0,0,0,0,0,0,0,0,0,0,0,0,0,0,0,0,0,0,0,0,0,0,0,0,0,0,0,0,0,0,0,0,0
58,Guinea Marsh,York River,2/17/77,Hist,1977,February,Winter,6,0,0,0,0,0,0,0,0,0,0,0,0,0,0,0,0,0,0,0,0,0,0,0,0,0,0,0,0,0,0,0,0,0,0,0,0,0,0,0,0,0,0,0,0,0,0,0,0,0
65,Guinea Marsh,York River,4/22/77,Hist,1977,April,Spring,1,0,0,0,1,0,1,0,0,0,0,0,0,0,0,0,0,0,0,0,0,0,0,0,0,8,0,0,0,0,0,0,0,0,0,0,0,0,0,155,0,0,0,0,0,0,0,0,0,0
66,Guinea Marsh,York River,4/22/77,Hist,1977,April,Spring,2,0,0,0,1,0,0,0,0,0,0,1,0,0,0,0,0,0,0,0,0,0,0,0,0,19,0,0,0,0,0,1,0,0,0,2,0,0,0,82,0,0,0,1,0,0,1,0,0,0
67,Guinea Marsh,York River,4/22/77,Hist,1977,April,Spring,3,0,0,0,0,0,0,0,0,0,0,0,0,0,0,0,0,0,0,0,0,0,0,0,0,10,0,0,0,0,0,0,0,0,0,0,0,0,0,174,0,0,0,0,0,0,0,0,0,0
68,Guinea Marsh,York River,4/22/77,Hist,1977,April,Spring,4,0,0,0,1,0,2,0,0,0,0,0,0,0,0,0,0,0,0,0,0,0,0,0,0,2,0,0,0,0,0,0,0,0,0,0,0,0,0,129,0,0,0,0,0,0,1,0,0,0
69,Guinea Marsh,York River,4/22/77,Hist,1977,April,Spring,5,0,0,0,0,0,0,0,0,0,0,0,0,0,0,0,0,0,0,0,0,0,0,0,0,2,0,0,0,0,0,0,0,0,0,0,0,0,0,54,0,2,0,0,0,0,0,0,0,0
70,Guinea Marsh,York River,4/22/77,Hist,1977,April,Spring,6,0,0,0,0,0,1,0,0,0,0,0,0,0,0,0,0,0,0,0,0,0,0,0,0,2,0,0,0,0,0,0,0,0,0,0,0,0,0,70,0,1,0,0,0,0,1,0,0,0
77,Guinea Marsh,York River,6/1/77,Hist,1977,June,Summer,1,0,0,0,3,0,7,0,0,0,0,1,0,0,0,0,0,0,0,0,0,0,0,0,0,43,0,0,0,0,0,0,0,0,0,0,0,0,0,436,0,0,4,0,0,0,4,0,0,0
78,Guinea Marsh,York River,6/1/77,Hist,1977,June,Summer,2,0,3,2,0,0,4,2,0,0,0,0,0,0,0,0,0,0,0,0,0,0,0,0,0,24,0,0,0,0,0,0,0,0,0,0,0,0,0,257,0,0,1,0,0,0,2,0,0,1
79,Guinea Marsh,York River,6/1/77,Hist,1977,June,Summer,3,0,0,0,1,0,1,0,0,0,0,0,0,0,0,0,0,0,0,0,0,0,0,0,0,40,0,1,0,0,0,0,0,0,0,1,0,0,0,399,0,0,1,0,0,0,3,0,0,2
80,Guinea Marsh,York River,6/1/77,Hist,1977,June,Summer,4,0,0,0,0,0,0,1,0,0,0,0,0,0,0,0,0,0,0,0,0,0,0,0,0,41,0,1,0,0,0,6,0,0,0,0,0,0,0,394,0,0,2,0,0,0,6,0,0,0
81,Guinea Marsh,York River,6/1/77,Hist,1977,June,Summer,5,0,2,0,2,0,6,1,0,0,0,0,0,0,0,0,0,0,0,0,0,0,0,0,0,64,0,1,0,0,0,11,0,0,0,0,0,0,0,409,0,0,5,0,0,0,10,0,0,0
87,Guinea Marsh,York River,7/21/77,Hist,1977,July,Summer,1,0,0,0,0,0,0,0,0,0,0,0,0,0,0,0,0,0,2,0,0,0,0,0,0,12,0,0,0,0,1,2,0,0,0,0,0,0,0,59,0,0,0,0,0,0,0,0,0,0
88,Guinea Marsh,York River,7/21/77,Hist,1977,July,Summer,2,0,0,0,0,0,0,0,0,0,0,0,0,0,0,0,0,0,0,0,0,0,0,0,0,10,0,0,0,0,0,1,0,0,0,0,0,0,0,38,0,0,0,0,0,0,0,0,0,0
89,Guinea Marsh,York River,7/21/77,Hist,1977,July,Summer,3,0,0,0,4,0,0,0,0,0,0,0,0,0,0,0,0,0,0,0,0,0,0,0,0,35,0,0,0,0,1,4,0,0,0,0,0,0,0,153,0,0,0,0,0,0,1,0,0,0
96,Guinea Marsh,York River,9/1/77,Hist,1977,August,Summer,1,0,0,0,0,0,4,0,0,0,0,0,0,0,0,0,0,0,1,0,0,0,0,0,0,0,0,0,0,0,0,0,0,0,0,0,0,0,0,12,0,0,0,0,0,0,0,0,0,0
97,Guinea Marsh,York River,9/1/77,Hist,1977,August,Summer,2,0,0,0,0,0,101,0,0,0,0,1,0,0,0,0,0,0,0,0,0,0,0,0,0,11,0,0,0,0,0,0,0,0,0,0,0,0,0,0,0,0,0,0,0,0,0,0,0,0
98,Guinea Marsh,York River,9/1/77,Hist,1977,August,Summer,3,0,0,0,0,0,7,0,0,0,0,0,0,0,0,0,0,1,0,0,0,0,0,0,0,0,0,0,0,0,0,2,0,0,0,0,0,0,1,122,0,0,0,0,0,0,0,0,0,0
99,Guinea Marsh,York River,9/1/77,Hist,1977,August,Summer,4,0,0,0,0,0,10,0,0,0,0,0,0,0,0,0,0,0,0,0,0,0,0,0,0,0,0,0,0,0,0,1,0,0,0,0,0,0,0,80,0,0,0,0,0,0,0,0,0,0
100,Guinea Marsh,York River,9/1/77,Hist,1977,August,Summer,5,0,0,0,0,0,95,0,0,0,0,0,0,0,0,0,0,0,1,0,0,0,0,0,0,1,0,0,0,0,0,0,0,0,0,0,0,0,0,67,0,0,0,0,0,0,0,0,0,0
101,Guinea Marsh,York River,9/1/77,Hist,1977,August,Summer,6,0,0,0,0,0,109,0,0,0,0,0,0,0,0,0,0,0,0,0,0,0,0,0,1,3,0,0,0,0,0,0,0,0,0,0,0,0,0,5,0,0,0,1,0,0,0,0,0,0
108,Guinea Marsh,York River,9/27/77,Hist,1977,September,Fall,1,0,0,0,0,0,0,0,0,0,0,0,0,0,0,0,0,0,0,0,0,0,0,0,0,0,0,0,0,0,0,0,0,0,0,0,0,0,0,0,0,0,0,0,0,0,0,0,0,0
109,Guinea Marsh,York River,9/27/77,Hist,1977,September,Fall,2,0,0,0,0,0,0,1,0,0,0,0,0,0,0,0,0,0,0,0,0,0,0,0,0,0,0,0,0,0,0,0,0,0,0,0,0,0,0,0,0,0,0,0,0,0,0,0,0,0
110,Guinea Marsh,York River,9/27/77,Hist,1977,September,Fall,3,0,0,0,1,0,0,0,0,0,0,0,0,0,0,0,0,0,0,0,0,0,0,0,0,0,0,0,0,0,0,0,0,0,0,0,0,0,0,0,0,0,0,0,0,0,0,0,0,0
111,Guinea Marsh,York River,9/27/77,Hist,1977,September,Fall,4,0,0,0,0,0,0,0,0,0,0,0,0,0,0,0,0,0,0,0,0,0,0,0,0,0,0,0,0,0,0,0,0,0,0,0,0,0,0,1,0,0,0,0,0,0,0,0,0,0
112,Guinea Marsh,York River,9/27/77,Hist,1977,September,Fall,5,0,0,0,0,0,0,0,0,0,0,0,0,0,0,0,0,0,0,0,0,0,0,0,0,0,0,0,0,0,0,0,0,0,0,0,0,0,0,0,0,0,0,0,0,0,0,0,0,0
113,Guinea Marsh,York River,9/27/77,Hist,1977,September,Fall,6,0,0,0,1,0,0,0,0,0,0,0,0,0,0,0,0,0,0,0,0,0,0,0,0,0,0,0,0,0,0,0,0,0,0,0,0,0,0,0,0,0,0,0,0,0,0,0,0,0
120,Guinea Marsh,York River,10/27/77,Hist,1977,October,Fall,1,0,0,0,0,0,8,0,0,0,0,0,0,0,0,0,0,0,0,0,0,0,0,0,0,0,0,0,0,0,0,0,0,0,0,0,0,0,0,26,0,0,0,0,0,0,0,0,0,0
121,Guinea Marsh,York River,10/27/77,Hist,1977,October,Fall,2,0,0,0,0,0,2,0,0,0,0,0,0,0,0,0,0,0,0,0,0,0,0,0,0,0,0,0,0,0,0,0,0,0,0,0,0,0,0,9,0,0,0,0,0,0,0,0,0,0
122,Guinea Marsh,York River,10/27/77,Hist,1977,October,Fall,3,0,0,0,0,0,2,0,0,0,0,0,0,0,0,0,0,0,0,0,0,0,0,0,0,0,0,0,0,0,0,0,0,0,0,0,0,0,0,23,0,0,0,0,0,0,0,0,0,0
123,Guinea Marsh,York River,10/27/77,Hist,1977,October,Fall,4,0,0,0,0,0,4,0,0,0,0,0,0,0,0,0,0,0,0,0,0,0,0,0,0,0,0,0,0,0,0,0,0,0,0,0,0,0,0,17,0,0,0,0,0,0,0,0,0,0
124,Guinea Marsh,York River,10/27/77,Hist,1977,October,Fall,5,0,0,0,0,0,4,0,0,0,4,0,0,0,0,0,0,0,0,0,0,0,0,0,0,0,0,0,0,0,0,0,0,0,0,0,0,0,0,11,0,0,0,0,0,0,0,0,0,0
125,Guinea Marsh,York River,10/27/77,Hist,1977,October,Fall,6,0,0,0,0,0,14,0,0,0,0,0,1,0,0,0,0,0,0,0,0,0,0,0,0,0,0,0,0,0,0,0,0,0,0,0,0,0,0,0,0,0,0,0,0,0,0,0,0,0
132,Guinea Marsh,York River,11/28/77,Hist,1977,November,Fall,1,0,0,0,0,0,0,0,0,0,0,0,0,0,0,0,0,0,0,0,0,0,0,0,0,0,0,0,0,0,0,0,0,0,0,0,0,0,0,0,0,0,0,0,0,0,0,0,0,0
133,Guinea Marsh,York River,11/28/77,Hist,1977,November,Fall,2,0,0,0,0,0,0,0,0,0,0,0,0,0,0,0,0,0,0,0,0,0,0,0,0,0,0,0,0,0,0,0,0,0,0,0,0,0,0,0,0,0,0,0,0,0,0,0,0,0
134,Guinea Marsh,York River,11/28/77,Hist,1977,November,Fall,3,0,0,0,0,0,0,0,0,0,0,0,0,0,0,0,0,0,0,0,0,0,0,0,0,0,0,0,0,0,0,0,0,0,0,0,0,0,0,0,0,0,0,0,0,0,0,0,0,0
135,Guinea Marsh,York River,11/28/77,Hist,1977,November,Fall,4,0,0,0,0,0,0,0,0,0,0,0,0,0,0,0,0,0,0,0,0,0,0,0,0,0,0,0,0,0,0,0,0,0,0,0,0,0,0,0,0,0,0,0,0,0,0,0,0,0
136,Guinea Marsh,York River,11/28/77,Hist,1977,November,Fall,5,0,0,0,0,0,0,0,0,0,0,0,0,0,0,0,0,0,0,0,0,0,0,0,0,0,0,0,0,0,0,0,0,0,0,0,0,0,0,0,0,0,0,0,0,0,0,0,0,0
137,Guinea Marsh,York River,11/28/77,Hist,1977,November,Fall,6,0,0,0,0,0,0,0,0,0,0,0,0,0,0,0,0,0,0,0,0,0,0,0,0,0,0,0,0,0,0,0,0,0,0,0,0,0,0,0,0,0,0,0,0,0,0,0,0,0
205,Pepper Creek,Mobjack Bay,5/4/10,Pres,2010,May,Spring,1,0,1,0,0,0,0,0,0,0,0,79,0,0,0,0,0,0,0,0,0,0,0,5,0,19,0,0,0,0,0,0,0,0,0,3,0,0,0,56,0,0,0,0,0,0,0,0,0,0
206,Pepper Creek,Mobjack Bay,5/4/10,Pres,2010,May,Spring,2,0,2,0,0,0,7,0,0,0,0,54,0,0,0,0,0,0,0,0,0,0,0,7,0,14,0,0,0,0,0,0,0,0,0,0,0,0,0,27,0,0,0,0,0,0,0,0,0,0
207,Pepper Creek,Mobjack Bay,5/4/10,Pres,2010,May,Spring,3,0,0,0,0,0,2,0,0,0,0,25,0,0,0,0,0,0,1,0,0,0,0,0,0,7,0,0,0,0,0,0,0,0,0,0,0,0,0,35,0,0,0,0,0,0,0,0,0,0
208,Pepper Creek,Mobjack Bay,5/4/10,Pres,2010,May,Spring,4,0,5,0,0,0,0,0,0,0,0,25,0,0,0,0,0,0,0,0,0,0,0,2,0,8,0,0,0,0,0,0,0,0,0,1,0,0,0,153,0,0,0,1,0,0,0,0,0,0
209,Pepper Creek,Mobjack Bay,5/4/10,Pres,2010,May,Spring,5,0,0,0,0,0,0,0,0,0,0,46,0,0,0,0,0,0,0,0,0,0,0,6,0,6,0,0,0,0,0,0,0,0,0,0,0,0,0,95,0,0,0,0,0,0,0,0,0,0
210,Pepper Creek,Mobjack Bay,5/4/10,Pres,2010,May,Spring,6,0,0,0,0,0,0,0,0,0,0,26,0,0,0,0,0,0,0,0,0,0,0,0,0,17,0,0,0,0,0,0,0,0,0,0,0,0,0,10,0,0,0,0,0,0,0,0,0,0
228,Pepper Creek,Mobjack Bay,5/19/10,Pres,2010,May,Summer,1,0,0,0,0,0,0,0,0,0,0,11,0,0,0,0,0,0,0,0,0,0,0,0,0,12,0,0,0,0,0,0,0,0,0,2,0,0,0,118,0,0,0,0,0,0,1,0,0,0
229,Pepper Creek,Mobjack Bay,5/19/10,Pres,2010,May,Summer,2,0,0,0,0,0,1,0,0,0,0,4,0,0,0,0,0,0,0,0,0,0,2,0,0,6,0,0,0,0,0,0,0,0,0,1,0,0,0,198,0,0,0,0,0,0,0,0,0,0
230,Pepper Creek,Mobjack Bay,5/19/10,Pres,2010,May,Summer,3,0,0,0,0,0,0,0,0,0,0,8,0,0,0,0,0,0,0,0,0,0,0,0,0,6,0,0,0,0,0,0,0,0,0,0,0,0,0,172,0,0,0,0,0,0,0,0,0,0
231,Pepper Creek,Mobjack Bay,5/19/10,Pres,2010,May,Summer,4,0,1,0,0,0,0,0,0,1,0,30,0,0,0,0,0,0,0,0,0,0,0,5,0,14,1,0,0,0,0,0,0,0,0,2,0,1,0,234,0,0,0,0,0,0,0,0,0,0
232,Pepper Creek,Mobjack Bay,5/19/10,Pres,2010,May,Summer,5,0,0,0,0,0,0,0,0,0,0,61,0,0,0,0,0,0,0,0,0,0,0,4,0,20,0,0,0,0,0,0,0,0,0,1,1,0,0,444,0,0,0,0,0,0,0,0,0,0
233,Pepper Creek,Mobjack Bay,5/19/10,Pres,2010,May,Summer,6,0,1,0,0,0,0,0,0,0,0,44,0,0,0,0,0,0,0,0,0,0,0,2,0,10,0,0,0,0,0,0,1,0,0,0,0,0,0,236,0,0,0,0,0,0,0,0,0,0
242,Pepper Creek,Mobjack Bay,6/2/10,Pres,2010,June,Summer,1,0,1,0,4,0,3,0,0,0,0,94,0,0,0,0,0,0,0,0,0,0,0,6,0,12,0,0,0,0,0,0,0,0,0,2,2,0,0,69,0,0,0,0,0,0,0,0,0,0
243,Pepper Creek,Mobjack Bay,6/2/10,Pres,2010,June,Summer,2,0,0,0,1,0,1,0,0,0,0,17,0,0,0,0,0,0,1,0,0,0,0,0,0,19,0,0,0,0,0,0,0,0,0,3,0,0,0,107,0,0,0,0,0,0,0,0,0,0
244,Pepper Creek,Mobjack Bay,6/2/10,Pres,2010,June,Summer,3,0,0,0,0,0,1,0,0,0,0,9,0,0,0,0,0,0,4,0,0,0,0,0,0,12,0,0,0,0,0,0,0,0,0,9,0,0,0,79,0,0,0,0,0,0,0,0,0,0
245,Pepper Creek,Mobjack Bay,6/2/10,Pres,2010,June,Summer,4,0,1,0,1,0,2,0,0,0,0,16,0,0,0,0,0,0,0,0,0,0,0,13,0,15,0,0,0,0,0,0,0,0,0,2,0,0,0,39,0,0,0,0,0,0,0,0,0,0
250,Pepper Creek,Mobjack Bay,6/21/10,Pres,2010,June,Summer,1,0,0,0,0,0,0,0,0,0,0,7,1,0,0,0,0,0,0,0,0,0,0,0,0,17,0,0,0,0,0,0,0,0,0,18,0,0,0,33,0,0,0,0,0,0,0,0,0,0
251,Pepper Creek,Mobjack Bay,6/21/10,Pres,2010,June,Summer,2,0,0,0,3,0,0,0,0,0,0,10,0,0,0,0,0,0,1,0,0,0,0,0,0,14,0,0,0,0,0,0,0,0,0,30,0,0,0,30,0,0,0,0,1,0,0,0,0,0
252,Pepper Creek,Mobjack Bay,6/21/10,Pres,2010,June,Summer,3,0,0,0,1,0,1,0,0,0,0,5,0,0,0,0,0,0,1,0,0,0,0,0,0,19,0,0,0,0,0,0,0,0,0,13,0,0,0,20,0,0,0,0,0,0,0,0,0,0
253,Pepper Creek,Mobjack Bay,6/21/10,Pres,2010,June,Summer,4,0,0,0,1,0,0,0,0,0,0,14,0,0,0,0,0,0,0,0,0,0,0,0,0,5,0,0,0,0,0,0,0,0,0,1,0,0,0,8,0,0,0,0,0,0,0,0,0,0
254,Pepper Creek,Mobjack Bay,6/21/10,Pres,2010,June,Summer,5,0,1,0,0,0,0,0,0,0,0,9,0,0,0,0,0,0,0,0,0,0,0,1,0,8,1,0,0,0,0,0,0,0,0,6,0,0,0,8,0,0,0,0,0,0,0,0,0,0
263,Pepper Creek,Mobjack Bay,7/6/10,Pres,2010,July,Summer,1,0,0,0,0,0,0,0,0,0,0,6,0,0,0,0,0,0,0,0,0,1,0,0,0,5,1,0,0,0,0,0,0,0,0,25,0,0,0,21,0,0,0,0,0,0,2,0,0,0
264,Pepper Creek,Mobjack Bay,7/6/10,Pres,2010,July,Summer,2,0,0,0,0,0,4,0,0,0,0,10,0,0,0,0,0,0,0,0,0,0,0,0,0,9,1,0,0,0,0,0,0,0,0,68,0,0,0,36,0,0,0,1,0,0,0,0,0,0
265,Pepper Creek,Mobjack Bay,7/6/10,Pres,2010,July,Summer,3,0,0,0,0,0,0,0,0,0,0,6,0,0,0,0,0,0,0,0,0,0,0,1,0,7,0,0,0,0,0,0,0,0,0,12,0,0,0,12,0,0,0,0,0,0,0,0,0,0
266,Pepper Creek,Mobjack Bay,7/6/10,Pres,2010,July,Summer,4,0,0,0,4,0,0,0,0,0,0,9,0,0,0,0,0,0,0,0,0,0,0,5,0,12,0,0,0,0,0,0,0,0,0,23,0,0,1,13,0,0,0,0,0,0,0,0,0,0
267,Pepper Creek,Mobjack Bay,7/6/10,Pres,2010,July,Summer,5,0,0,0,2,0,0,0,0,0,0,9,0,0,0,0,0,0,0,0,0,0,0,0,0,3,1,0,0,0,0,0,0,0,0,13,0,0,0,23,0,0,0,0,0,0,1,0,0,0
268,Pepper Creek,Mobjack Bay,7/6/10,Pres,2010,July,Summer,6,0,0,0,0,0,4,0,0,0,0,16,0,0,0,0,0,0,0,0,0,0,0,0,0,7,2,0,0,0,0,0,0,0,0,17,0,0,0,10,0,0,0,0,1,0,0,0,0,0
285,Pepper Creek,Mobjack Bay,8/10/10,Pres,2010,August,Summer,1,0,0,0,0,2,0,0,0,0,0,4,0,0,0,0,0,0,0,0,0,0,0,0,0,1,0,0,0,0,0,0,0,0,0,4,0,0,0,6,0,0,0,1,0,0,0,0,0,0
286,Pepper Creek,Mobjack Bay,8/10/10,Pres,2010,August,Summer,2,0,0,0,0,3,1,0,0,0,0,5,0,0,0,0,0,0,0,0,0,0,0,0,0,4,0,0,0,0,0,0,0,0,0,27,0,0,1,3,0,0,0,0,0,0,0,0,0,0
287,Pepper Creek,Mobjack Bay,8/10/10,Pres,2010,August,Summer,3,0,0,0,0,0,2,0,0,0,0,3,0,0,0,0,0,0,0,0,0,1,0,0,0,1,0,0,0,0,0,0,0,0,0,19,0,0,0,4,0,0,0,0,0,0,0,0,0,0
288,Pepper Creek,Mobjack Bay,8/10/10,Pres,2010,August,Summer,4,0,0,0,0,0,0,0,0,0,0,1,0,0,0,0,0,0,0,0,0,0,0,0,0,1,0,0,0,0,0,0,0,0,0,40,0,0,0,2,0,0,0,0,0,0,0,0,0,0
289,Pepper Creek,Mobjack Bay,8/10/10,Pres,2010,August,Summer,5,0,0,0,1,1,0,0,0,0,0,4,0,0,0,0,0,0,0,0,0,0,0,0,0,1,0,0,0,0,0,0,0,0,0,21,0,0,0,2,0,0,0,0,0,0,0,0,0,0
290,Pepper Creek,Mobjack Bay,8/10/10,Pres,2010,August,Summer,6,0,0,0,0,0,0,0,0,0,0,4,0,0,0,0,0,0,0,0,0,0,0,0,0,1,0,0,0,0,0,0,0,0,0,21,0,0,0,7,0,0,0,0,0,0,0,0,0,0
315,Pepper Creek,Mobjack Bay,8/16/10,Pres,2010,August,Summer,1,0,0,0,0,3,105,0,0,1,0,0,0,0,0,0,0,0,0,0,0,0,0,0,0,1,0,0,0,0,0,0,0,0,0,1,0,0,0,9,0,0,0,0,0,0,0,0,0,0
316,Pepper Creek,Mobjack Bay,8/16/10,Pres,2010,August,Summer,2,0,0,0,0,1,72,0,0,0,0,0,0,0,0,0,0,0,0,0,0,0,0,0,0,2,0,0,0,0,0,0,0,0,0,0,0,0,0,15,0,0,0,0,0,0,1,0,0,0
317,Pepper Creek,Mobjack Bay,8/16/10,Pres,2010,August,Summer,3,0,0,0,0,1,0,0,0,0,0,0,0,0,0,0,0,0,0,0,0,1,0,0,0,2,0,0,0,0,0,0,0,0,0,0,0,0,0,2,0,0,0,0,0,0,0,0,0,0
318,Pepper Creek,Mobjack Bay,8/16/10,Pres,2010,August,Summer,4,0,0,0,0,0,94,0,0,0,0,1,0,0,0,0,0,0,0,0,0,0,0,0,0,1,0,0,0,0,0,0,0,0,0,3,0,0,1,3,0,0,0,0,0,0,0,0,0,0
319,Pepper Creek,Mobjack Bay,8/16/10,Pres,2010,August,Summer,5,0,0,0,0,3,1,0,0,0,0,0,0,0,0,0,0,0,0,0,0,0,0,0,0,0,0,0,0,0,0,0,0,0,0,7,0,0,1,13,0,0,0,0,0,0,0,0,0,0
320,Pepper Creek,Mobjack Bay,8/16/10,Pres,2010,August,Summer,6,0,0,0,0,4,1,0,0,0,0,4,1,0,0,0,0,0,0,0,0,0,0,0,0,0,1,0,0,0,0,1,0,0,0,5,0,0,0,21,0,0,0,0,1,0,0,0,0,0
348,Pepper Creek,Mobjack Bay,9/20/10,Pres,2010,September,Fall,1,0,0,0,0,0,5,0,0,0,0,1,1,0,0,0,0,0,0,0,0,1,0,0,2,0,1,0,0,0,0,0,0,7,0,1,0,0,0,6,0,0,0,0,0,0,0,0,0,0
349,Pepper Creek,Mobjack Bay,9/20/10,Pres,2010,September,Fall,2,0,0,0,0,0,0,0,0,0,0,0,0,0,0,1,0,0,0,0,0,1,0,0,0,0,3,0,0,0,0,0,0,0,0,2,0,0,0,1,0,0,0,0,0,0,0,0,0,0
350,Pepper Creek,Mobjack Bay,9/20/10,Pres,2010,September,Fall,3,0,0,0,0,1,7,0,0,0,0,0,0,0,0,0,0,0,0,0,0,1,0,0,0,0,2,0,0,0,0,0,0,4,0,1,0,0,0,8,0,0,0,1,0,0,0,0,0,0
351,Pepper Creek,Mobjack Bay,9/20/10,Pres,2010,September,Fall,4,0,0,0,0,0,12,0,0,0,0,1,0,0,0,0,0,0,0,0,0,2,0,0,0,0,0,0,0,0,0,0,0,0,0,0,0,0,0,8,0,0,0,0,1,0,0,0,0,0
352,Pepper Creek,Mobjack Bay,9/20/10,Pres,2010,September,Fall,5,0,0,0,0,0,4,0,0,0,0,0,0,0,0,0,0,0,0,0,0,0,0,0,0,0,0,0,0,0,0,0,0,1,0,0,0,0,0,7,0,0,0,0,0,0,0,0,0,0
370,Pepper Creek,Mobjack Bay,10/28/10,Pres,2010,October,Fall,1,0,0,0,0,0,30,0,0,0,2,0,0,0,0,0,0,0,0,0,0,0,0,0,1,1,0,0,0,0,0,0,0,0,0,2,0,0,0,7,0,0,0,0,0,0,0,0,0,0
371,Pepper Creek,Mobjack Bay,10/28/10,Pres,2010,October,Fall,2,0,0,0,0,0,9,0,0,0,0,0,0,0,0,0,0,0,0,0,0,0,0,0,0,0,0,0,0,0,0,0,0,0,0,0,0,0,0,7,0,0,0,0,0,0,0,0,0,0
372,Pepper Creek,Mobjack Bay,10/28/10,Pres,2010,October,Fall,3,0,0,0,0,0,4,0,0,0,0,0,0,0,0,0,0,0,0,0,0,1,0,0,0,1,0,0,0,0,0,0,0,0,0,0,0,0,0,33,0,0,0,0,0,0,0,0,0,0
373,Pepper Creek,Mobjack Bay,10/28/10,Pres,2010,October,Fall,4,0,0,0,0,0,1,0,0,0,0,0,0,0,0,0,0,0,0,0,0,0,0,0,0,0,0,0,0,0,0,0,0,0,0,0,0,0,0,3,0,0,0,0,0,0,0,0,0,0
378,Pepper Creek,Mobjack Bay,3/17/11,Pres,2011,March,Spring,1,0,0,0,0,0,0,0,0,0,0,0,0,0,0,0,0,0,0,0,0,0,0,0,0,0,0,0,0,0,0,0,0,0,0,0,0,0,0,0,0,0,0,0,0,0,0,0,0,0
379,Pepper Creek,Mobjack Bay,3/17/11,Pres,2011,March,Spring,2,0,0,0,0,0,0,0,0,0,0,0,0,0,0,0,0,0,0,0,0,0,0,0,0,1,0,0,0,0,0,0,0,0,0,0,0,0,0,0,0,0,0,0,0,0,0,0,0,0
380,Pepper Creek,Mobjack Bay,3/17/11,Pres,2011,March,Spring,3,0,0,0,0,0,0,0,0,0,0,0,0,0,0,0,0,0,0,0,0,0,0,0,0,0,0,0,0,0,0,0,0,0,0,0,0,0,0,0,0,0,0,0,0,0,0,0,0,0
381,Pepper Creek,Mobjack Bay,3/17/11,Pres,2011,March,Spring,4,0,0,0,0,0,0,0,0,0,0,0,0,0,0,0,0,0,0,0,0,0,0,0,0,0,0,0,0,0,0,0,0,0,0,0,0,0,0,0,0,1,0,0,0,0,0,0,0,0
398,Pepper Creek,Mobjack Bay,6/7/11,Pres,2011,June,Summer,1,0,0,0,1,0,0,1,0,0,0,0,0,0,0,0,0,0,1,0,0,0,0,0,0,11,1,1,0,0,0,0,0,0,0,6,0,0,0,9,0,0,0,0,0,0,0,0,0,0
399,Pepper Creek,Mobjack Bay,6/7/11,Pres,2011,June,Summer,2,0,0,0,1,0,2,0,0,0,0,0,0,0,0,0,0,0,1,0,0,0,1,0,0,6,0,0,0,0,0,0,0,0,0,0,0,0,0,25,0,0,2,0,0,0,0,0,0,0
400,Pepper Creek,Mobjack Bay,6/7/11,Pres,2011,June,Summer,3,0,0,0,3,0,0,0,0,0,0,0,0,0,0,0,0,0,0,0,0,0,0,0,0,5,0,0,0,0,0,0,0,0,0,3,0,0,0,12,0,0,0,0,0,0,0,0,0,0
401,Pepper Creek,Mobjack Bay,6/7/11,Pres,2011,June,Summer,4,0,0,0,3,0,0,0,0,0,0,0,0,0,0,0,0,0,0,0,0,0,0,0,0,1,0,0,0,0,0,1,0,0,0,0,0,0,0,5,0,0,0,0,0,0,0,0,0,0